-- --------------------------------------------------------
-- Host:                         127.0.0.1
-- Server version:               5.7.44-log - MySQL Community Server (GPL)
-- Server OS:                    Win64
-- HeidiSQL Version:             12.8.0.6908
-- --------------------------------------------------------

/*!40101 SET @OLD_CHARACTER_SET_CLIENT=@@CHARACTER_SET_CLIENT */;
/*!40101 SET NAMES utf8 */;
/*!50503 SET NAMES utf8mb4 */;
/*!40103 SET @OLD_TIME_ZONE=@@TIME_ZONE */;
/*!40103 SET TIME_ZONE='+00:00' */;
/*!40014 SET @OLD_FOREIGN_KEY_CHECKS=@@FOREIGN_KEY_CHECKS, FOREIGN_KEY_CHECKS=0 */;
/*!40101 SET @OLD_SQL_MODE=@@SQL_MODE, SQL_MODE='NO_AUTO_VALUE_ON_ZERO' */;
/*!40111 SET @OLD_SQL_NOTES=@@SQL_NOTES, SQL_NOTES=0 */;


-- Dumping database structure for cartdb
CREATE DATABASE IF NOT EXISTS `cartdb` /*!40100 DEFAULT CHARACTER SET armscii8 COLLATE armscii8_bin */;
USE `cartdb`;

-- Dumping structure for table cartdb.carts
CREATE TABLE IF NOT EXISTS `carts` (
  `cart_id` bigint(20) NOT NULL AUTO_INCREMENT,
  `created_at` date DEFAULT NULL,
  `updated_at` date DEFAULT NULL,
  `user_name` varchar(255) COLLATE armscii8_bin NOT NULL,
  PRIMARY KEY (`cart_id`)
) ENGINE=InnoDB AUTO_INCREMENT=31 DEFAULT CHARSET=armscii8 COLLATE=armscii8_bin;

-- Dumping data for table cartdb.carts: ~0 rows (approximately)
INSERT INTO `carts` (`cart_id`, `created_at`, `updated_at`, `user_name`) VALUES
	(30, '2025-03-30', '2025-03-30', 'giahuy2');

-- Dumping structure for table cartdb.cart_items
CREATE TABLE IF NOT EXISTS `cart_items` (
  `cart_item_id` bigint(20) NOT NULL AUTO_INCREMENT,
  `cart_id` bigint(20) DEFAULT NULL,
  `product_id` bigint(20) DEFAULT NULL,
  `quantity` int(11) DEFAULT NULL,
  `price` float DEFAULT NULL,
  PRIMARY KEY (`cart_item_id`),
  KEY `cart_id` (`cart_id`),
  KEY `product_id` (`product_id`)
) ENGINE=InnoDB AUTO_INCREMENT=37 DEFAULT CHARSET=armscii8 COLLATE=armscii8_bin;

-- Dumping data for table cartdb.cart_items: ~3 rows (approximately)
INSERT INTO `cart_items` (`cart_item_id`, `cart_id`, `product_id`, `quantity`, `price`) VALUES
	(34, 30, 2, 3, 1.99),
	(35, 30, 1, 16, 15.99),
	(36, 30, 3, 4, 2.99);


-- Dumping database structure for orderdb
CREATE DATABASE IF NOT EXISTS `orderdb` /*!40100 DEFAULT CHARACTER SET latin1 */;
USE `orderdb`;

-- Dumping structure for table orderdb.orders
CREATE TABLE IF NOT EXISTS `orders` (
  `id` bigint(20) NOT NULL AUTO_INCREMENT,
  `user_id` bigint(20) NOT NULL,
  `total_price` decimal(10,2) NOT NULL,
  `status` enum('PENDING','CONFIRMED','SHIPPED','DELIVERED','CANCELLED') DEFAULT 'PENDING',
  `created_at` timestamp NOT NULL DEFAULT CURRENT_TIMESTAMP,
  `updated_at` timestamp NOT NULL DEFAULT CURRENT_TIMESTAMP ON UPDATE CURRENT_TIMESTAMP,
  PRIMARY KEY (`id`)
) ENGINE=InnoDB DEFAULT CHARSET=latin1;

-- Dumping data for table orderdb.orders: ~0 rows (approximately)

-- Dumping structure for table orderdb.order_items
CREATE TABLE IF NOT EXISTS `order_items` (
  `id` bigint(20) NOT NULL AUTO_INCREMENT,
  `order_id` bigint(20) NOT NULL,
  `product_id` bigint(20) NOT NULL,
  `quantity` int(11) NOT NULL,
  `price` decimal(10,2) NOT NULL,
  PRIMARY KEY (`id`),
  KEY `order_id` (`order_id`),
  CONSTRAINT `order_items_ibfk_1` FOREIGN KEY (`order_id`) REFERENCES `orders` (`id`) ON DELETE CASCADE
) ENGINE=InnoDB DEFAULT CHARSET=latin1;

-- Dumping data for table orderdb.order_items: ~0 rows (approximately)


-- Dumping database structure for paymentdb
CREATE DATABASE IF NOT EXISTS `paymentdb` /*!40100 DEFAULT CHARACTER SET latin1 */;
USE `paymentdb`;

-- Dumping structure for table paymentdb.payments
CREATE TABLE IF NOT EXISTS `payments` (
  `id` bigint(20) NOT NULL AUTO_INCREMENT,
  `order_id` bigint(20) NOT NULL,
  `user_id` bigint(20) NOT NULL,
  `amount` decimal(10,2) NOT NULL,
  `payment_method` enum('CREDIT_CARD','PAYPAL','BANK_TRANSFER','CASH_ON_DELIVERY') NOT NULL,
  `status` enum('PENDING','COMPLETED','FAILED','REFUNDED') DEFAULT 'PENDING',
  `transaction_id` varchar(255) DEFAULT NULL,
  `created_at` timestamp NOT NULL DEFAULT CURRENT_TIMESTAMP,
  `updated_at` timestamp NOT NULL DEFAULT CURRENT_TIMESTAMP ON UPDATE CURRENT_TIMESTAMP,
  PRIMARY KEY (`id`),
  UNIQUE KEY `transaction_id` (`transaction_id`)
) ENGINE=InnoDB DEFAULT CHARSET=latin1;

-- Dumping data for table paymentdb.payments: ~0 rows (approximately)


-- Dumping database structure for productdb
CREATE DATABASE IF NOT EXISTS `productdb` /*!40100 DEFAULT CHARACTER SET armscii8 COLLATE armscii8_bin */;
USE `productdb`;

-- Dumping structure for table productdb.products
CREATE TABLE IF NOT EXISTS `products` (
  `product_id` bigint(20) NOT NULL AUTO_INCREMENT,
  `category_id` bigint(20) DEFAULT NULL,
  `name` varchar(255) COLLATE armscii8_bin DEFAULT NULL,
  `description` varchar(255) COLLATE armscii8_bin DEFAULT NULL,
  `price` float DEFAULT NULL,
  `stock` int(11) DEFAULT NULL,
  `create_at` date DEFAULT NULL,
  `update_at` date DEFAULT NULL,
  PRIMARY KEY (`product_id`),
  KEY `FK_products_categories` (`category_id`)
) ENGINE=InnoDB AUTO_INCREMENT=7 DEFAULT CHARSET=armscii8 COLLATE=armscii8_bin;

-- Dumping data for table productdb.products: ~5 rows (approximately)
INSERT INTO `products` (`product_id`, `category_id`, `name`, `description`, `price`, `stock`, `create_at`, `update_at`) VALUES
	(1, 1, 'Chocolate Cake', 'Rich chocolate layered cake', 15.99, 10, '2025-01-01', '2025-01-01'),
	(2, 2, 'Chocolate Chip Cookie', 'Classic cookie with chocolate chips', 1.99, 50, '2025-01-01', '2025-01-01'),
	(3, 3, 'Vanilla Cupcake', 'Soft cupcake with vanilla frosting', 2.99, 20, '2025-01-01', '2025-01-01'),
	(4, 3, 'Chocolate cupcake', 'Soft cupcake with vanilla frosting', 2.99, 20, '2025-01-01', '2025-01-01'),
	(5, 3, 'Vanilla Cupcake', 'Soft cupcake with vanilla frosting', 2.99, 20, '2025-01-01', '2025-01-01'),
	(6, 3, 'Vanilla Cupcake', 'Soft cupcake with vanilla frosting', 2.99, 20, '2025-01-01', '2025-01-01');


-- Dumping database structure for users
CREATE DATABASE IF NOT EXISTS `users` /*!40100 DEFAULT CHARACTER SET latin1 */;
USE `users`;

-- Dumping structure for table users.permissions
CREATE TABLE IF NOT EXISTS `permissions` (
  `created_at` datetime(6) DEFAULT NULL,
  `created_by` bigint(20) DEFAULT NULL,
  `id` bigint(20) NOT NULL AUTO_INCREMENT,
  `updated_at` datetime(6) DEFAULT NULL,
  `updated_by` bigint(20) DEFAULT NULL,
  `code` varchar(255) DEFAULT NULL,
  `name` varchar(255) DEFAULT NULL,
  PRIMARY KEY (`id`)
) ENGINE=InnoDB AUTO_INCREMENT=5 DEFAULT CHARSET=latin1;

-- Dumping data for table users.permissions: ~4 rows (approximately)
INSERT INTO `permissions` (`created_at`, `created_by`, `id`, `updated_at`, `updated_by`, `code`, `name`) VALUES
	('2025-03-22 10:00:00.000000', NULL, 1, '2025-03-22 10:00:00.000000', NULL, 'PERMISSION_READ', 'Read Permission'),
	('2025-03-22 10:00:00.000000', NULL, 2, '2025-03-22 10:00:00.000000', NULL, 'PERMISSION_WRITE', 'Write Permission'),
	('2025-03-22 10:00:00.000000', NULL, 3, '2025-03-22 10:00:00.000000', NULL, 'PERMISSION_UPDATE', 'Update Permission'),
	('2025-03-22 10:00:00.000000', NULL, 4, '2025-03-22 10:00:00.000000', NULL, 'PERMISSION_DELETE', 'Delete Permission');

-- Dumping structure for table users.roles
CREATE TABLE IF NOT EXISTS `roles` (
  `created_at` datetime(6) DEFAULT NULL,
  `created_by` bigint(20) DEFAULT NULL,
  `id` bigint(20) NOT NULL AUTO_INCREMENT,
  `updated_at` datetime(6) DEFAULT NULL,
  `updated_by` bigint(20) DEFAULT NULL,
  `code` varchar(255) DEFAULT NULL,
  `name` varchar(255) DEFAULT NULL,
  PRIMARY KEY (`id`)
) ENGINE=InnoDB AUTO_INCREMENT=4 DEFAULT CHARSET=latin1;

-- Dumping data for table users.roles: ~3 rows (approximately)
INSERT INTO `roles` (`created_at`, `created_by`, `id`, `updated_at`, `updated_by`, `code`, `name`) VALUES
	('2025-03-22 10:00:00.000000', NULL, 1, '2025-03-22 10:00:00.000000', NULL, 'ROLE_USER', 'User Role'),
	('2025-03-22 10:00:00.000000', NULL, 2, '2025-03-22 10:00:00.000000', NULL, 'ROLE_ADMIN', 'Admin Role'),
	('2025-03-22 10:00:00.000000', NULL, 3, '2025-03-22 10:00:00.000000', NULL, 'ROLE_SUPER_ADMIN', 'Super Admin Role');

-- Dumping structure for table users.role_permissions
CREATE TABLE IF NOT EXISTS `role_permissions` (
  `permission_id` bigint(20) NOT NULL,
  `role_id` bigint(20) NOT NULL,
  PRIMARY KEY (`permission_id`,`role_id`),
  KEY `FKn5fotdgk8d1xvo8nav9uv3muc` (`role_id`),
  CONSTRAINT `FKegdk29eiy7mdtefy5c7eirr6e` FOREIGN KEY (`permission_id`) REFERENCES `permissions` (`id`),
  CONSTRAINT `FKn5fotdgk8d1xvo8nav9uv3muc` FOREIGN KEY (`role_id`) REFERENCES `roles` (`id`)
) ENGINE=InnoDB DEFAULT CHARSET=latin1;

-- Dumping data for table users.role_permissions: ~9 rows (approximately)
INSERT INTO `role_permissions` (`permission_id`, `role_id`) VALUES
	(1, 1),
	(1, 2),
	(2, 2),
	(3, 2),
	(4, 2),
	(1, 3),
	(2, 3),
	(3, 3),
	(4, 3);

-- Dumping structure for table users.tokens
CREATE TABLE IF NOT EXISTS `tokens` (
  `revoked` bit(1) NOT NULL,
  `created_at` datetime(6) DEFAULT NULL,
  `created_by` bigint(20) DEFAULT NULL,
  `expiry_date` datetime(6) NOT NULL,
  `id` bigint(20) NOT NULL AUTO_INCREMENT,
  `updated_at` datetime(6) DEFAULT NULL,
  `updated_by` bigint(20) DEFAULT NULL,
  `user_id` bigint(20) DEFAULT NULL,
  `token` varchar(10000) NOT NULL,
  PRIMARY KEY (`id`),
  KEY `FK2dylsfo39lgjyqml2tbe0b0ss` (`user_id`),
  CONSTRAINT `FK2dylsfo39lgjyqml2tbe0b0ss` FOREIGN KEY (`user_id`) REFERENCES `users` (`id`)
) ENGINE=InnoDB AUTO_INCREMENT=65 DEFAULT CHARSET=latin1;

-- Dumping data for table users.tokens: ~64 rows (approximately)
INSERT INTO `tokens` (`revoked`, `created_at`, `created_by`, `expiry_date`, `id`, `updated_at`, `updated_by`, `user_id`, `token`) VALUES
	(b'0', '2025-03-22 10:12:29.000000', NULL, '2025-03-22 11:12:29.000000', 1, '2025-03-22 10:12:29.000000', NULL, 1, 'eyJhbGciOiJSUzI1NiJ9.eyJpc3MiOiJpdWguZml0LnNlIiwic3ViIjoiZ2lhaHV5MSIsImV4cCI6MTcxMTE4OTk0OSwiaWF0IjoxNzExMTg2MzQ5LCJzY29wZSI6IlJPTEVfQURNSU4ifQ.hpCpe5ZF5st3l4aX9ID2apY0PCEqm2Wk3ANQjxggmfempEVBfx7mcHqQDOlBtsJfQ2DmFvf8CkzLZC17iSA4pm5oBnsEhvpvKj9UYTb9p1kSo3TRFDmOkpGSNnTNhf8eLyuouviNomNi305-hidmSMcH6asRcr7JlYqPTmczxdIc_NqZx6or6x2H65cy9DYbJQp3DEsW4-JRRko_apUDKdZ2zR0i53nPVWqowo6e9C0jjCi2HZ79MBh4Bp0ZhPVoCcUG7kPO87ya9Zu6-MHWMuFN8ceWqvSQxlvElUshrnFFALog7HjxTCJSruGWSsySlqANOljDBbJsC3P26qI_FQ'),
	(b'0', '2025-03-22 10:15:00.000000', NULL, '2025-03-22 11:15:00.000000', 2, '2025-03-22 10:15:00.000000', NULL, 2, 'eyJhbGciOiJSUzI1NiJ9.eyJpc3MiOiJpdWguZml0LnNlIiwic3ViIjoiZ2lhaHV5MiIsImV4cCI6MTcxMTE5MDEwMCwiaWF0IjoxNzExMTg2NTAwLCJzY29wZSI6IlJPTEVfVVNFUiJ9.TjQ8ez8xPhaOdv1YNErvOlqWUN2oDO7uFn2jKZR5Jx17WTE0ue23Xsy-cK6qKgR7W834f61xeCYRvNLH1QRavTqbqE2hgrsjICsscn3phf7t8M3c76ogvcpK005EBeV5zA5_R0UiX_5YQjTjUjDbPGKYrjS9rJvk5W8CNXMx0Pkibbrg3zobgRGlvJSkAogt10X-WrBxPVQS7t3ccV3Bz5KwSDcrMkHR6UFQXfyex8uk47nIhfaNtTK611ohbuJsobe6xF9I2fIw0FULHdMxQyKTksx--9cUapJwn1x1VZsR5A3RtIlGywWevu_k0997fkRy2d9Kx0w5UaAvXW_vPA'),
	(b'0', '2025-03-22 10:20:00.000000', NULL, '2025-03-22 11:20:00.000000', 3, '2025-03-22 10:20:00.000000', NULL, 3, 'eyJhbGciOiJSUzI1NiJ9.eyJpc3MiOiJpdWguZml0LnNlIiwic3ViIjoiZ2lhaHV5MyIsImV4cCI6MTcxMTE5MDQwMCwiaWF0IjoxNzExMTg2ODAwLCJzY29wZSI6IlJPTEVfVVNFUiJ9.ZsEcWAXN3q_SaMrD473TAR39uaVom7YSaB9BglndW6zeYpT6eUzhF6blFTZpc5rBWJVew1rWHekqp0jgKnj5hVGq-UaNx_mfXGFQxXYmXWbAaWsY2hgcMRIDn--HxV2t5yplF5pwvzyc4qwJEQ7WIbBLm-HR3-F9_71_DIqvSGMz2Fyr_GytwL2IfzhiRT8v4N_0-1YjS86xUcCpmfi_k-C7rBPQCEk9yURPSNFOD4J4XGJyJ3PHEmGcxFIwPYn7e2pcGaHzCo2m92l-2nMkleRi3p18jnsXJujGo1bQpozJpB_08bA1dAnuR7OLfIDMyRW7v3ppdXSTHHBIaYy9Nw'),
	(b'0', '2025-03-22 10:25:00.000000', NULL, '2025-03-22 11:25:00.000000', 4, '2025-03-22 10:25:00.000000', NULL, 4, 'eyJhbGciOiJSUzI1NiJ9.eyJpc3MiOiJpdWguZml0LnNlIiwic3ViIjoiZ2lhaHV5NCIsImV4cCI6MTcxMTE5MDcwMCwiaWF0IjoxNzExMTg3MTAwLCJzY29wZSI6IlJPTEVfVVNFUiJ9.lm0XGQq54pLuEJFnNz_fdBi0Jg18_F9Ab3dD8lUo-TO3_FTTDP9xqid1sGbT2eL-QV1pPejqKrmpFPYjLQP-Qmyx5dTSjDtRzZNxj-4snYRFP4tLj55fYntnH7ajv5Ahz_m5nW1DA4hNf5ALa5sdceXFBflq17eUGpBZkeDi5xWXRiWcvuhH9r6nsDzkRP-ARkLRSWzCkjsyFQpT74qIGCNt-fntASGmaE6FMubzc2eC71k2Cq143w1mzEpM-X4kmy_ZiqBqXwKXr0wJBNerdGf0i0EUoIE_HdXZzJHMWa6UfvjY7mMRGHPjF2EmLZ5worG7ybM-5JfJZ8fw1s2rmw'),
	(b'0', NULL, NULL, '2025-03-22 10:42:51.480432', 5, NULL, NULL, 1, 'eyJhbGciOiJSUzI1NiJ9.eyJpc3MiOiJpdWguZml0LnNlIiwic3ViIjoiZ2lhaHV5MSIsImV4cCI6MTc0MjY0MDE3MSwiaWF0IjoxNzQyNjM5NTcxLCJzY29wZSI6WyJST0xFX0FETUlOIiwiUEVSTUlTU0lPTl9XUklURSIsIlBFUk1JU1NJT05fVVBEQVRFIiwiUEVSTUlTU0lPTl9SRUFEIiwiUEVSTUlTU0lPTl9ERUxFVEUiXX0.lcCB0osQBJVTXlOcoAYMWSzApDNk540UuywDuNY3HdCKZej7rNmF2RIK-WhaEjvnf-Zf1765RZWomveuKtlcnSZjlMj5OrQHp3nwtjTumHxex_JIOXaMzPMd5c2KHX8NdjTMRE0GjcOhfKg0efOJOqyqQNRu9LySKFcloVC-ret26Z090_0r_LNaD9laB9aWEtqfD8onIzOHvvHLeCsaP8zP-vlg6oIaP5envHk-PJmCQp8G2kq6HAPuOynQDkKCQf3qZooOmXe3cQizZrk2o6ZX6nKjABwUXAxfkffGIRFq2_SBvfTMWpmCatMsSfqtbrvnpYeHn1OWuf2_EVNEJA'),
	(b'0', NULL, NULL, '2025-03-22 10:43:02.422701', 6, NULL, NULL, 1, 'eyJhbGciOiJSUzI1NiJ9.eyJpc3MiOiJpdWguZml0LnNlIiwic3ViIjoiZ2lhaHV5MSIsImV4cCI6MTc0MjY0MDE4MiwiaWF0IjoxNzQyNjM5NTgyLCJzY29wZSI6WyJST0xFX0FETUlOIiwiUEVSTUlTU0lPTl9XUklURSIsIlBFUk1JU1NJT05fVVBEQVRFIiwiUEVSTUlTU0lPTl9SRUFEIiwiUEVSTUlTU0lPTl9ERUxFVEUiXX0.y0RqWJjfIgfsn8M3l2b-ywm5S9aPJLDCaGJeS7L8SreIoXJo3BoVQb5Igw3BHarzVxMV-Xw0WZ0zzGmvDKy4MYPT6OuJlHJ6z258GFDQ9g8iqHbNI34Dj3DY7WEryda9VcKPdqcwCkjeQAI4JEKuPN5RuIQgLfO7Uh5YrvDYu3yXvMRGDmm5K5SsgiAP_SQf8ATRD7CIBYIDSNa8bqZHUt8GC0X7r6iNE1c8DtGN1VAfXgXCYybNGbVpCrqWtEk-zditezGE6GvTkS3smgsHbSavMy2Y5knQUp5lg_hekv1gobHw1T82uz6tT4fDBAOpw4YHciSLcHN4EkXudeOiXw'),
	(b'0', NULL, NULL, '2025-03-22 10:43:58.695555', 7, NULL, NULL, 1, 'eyJhbGciOiJSUzI1NiJ9.eyJpc3MiOiJpdWguZml0LnNlIiwic3ViIjoiZ2lhaHV5MSIsImV4cCI6MTc0MjY0MDIzOCwiaWF0IjoxNzQyNjM5NjM4LCJzY29wZSI6WyJST0xFX0FETUlOIiwiUEVSTUlTU0lPTl9XUklURSIsIlBFUk1JU1NJT05fVVBEQVRFIiwiUEVSTUlTU0lPTl9SRUFEIiwiUEVSTUlTU0lPTl9ERUxFVEUiXX0.T4l-uLiwlAIe7ihA3O2YKPHOhcp8KziU25aj7l8Tp3xgDzG7H1SAW4iXJLaiQot84B5zj50_n-8iwYTES5APqs2LkC8vOJF9hIViFQarA7tVuxr_dJhAUjmeXSqjo4PNbDYbi0iLEHmQcP7LtZbAamfW_5-ca2k7EjdE80guFj6KF323GA9syhpkx--vDGAmT-KzfAOvp_vHE40JVI_ZMFhIqszoRtVrrX1Ek8452zYCytAaAaDQymVtBA2Hj6sFyaAfSjJ5-jzKxIVN_HB9tRBZ4pwCBr-H1G9EM1t8Gyk3n_X4bmEXxYjt0lvUHDxkfTUDBSiHyUf6RjfAB50I6w'),
	(b'0', NULL, NULL, '2025-03-22 10:45:57.928830', 8, NULL, NULL, 1, 'eyJhbGciOiJSUzI1NiJ9.eyJpc3MiOiJpdWguZml0LnNlIiwic3ViIjoiZ2lhaHV5MSIsImV4cCI6MTc0MjY0MDM1NywiaWF0IjoxNzQyNjM5NzU3LCJzY29wZSI6WyJST0xFX0FETUlOIiwiUEVSTUlTU0lPTl9XUklURSIsIlBFUk1JU1NJT05fVVBEQVRFIiwiUEVSTUlTU0lPTl9SRUFEIiwiUEVSTUlTU0lPTl9ERUxFVEUiXX0.Dmnjk1JEobl2GnYqPxQG-ZqggLAxu6Qyn2bBvfC6HNx_hjZ7SsnQud-bA9UkYF5JsnTbuxz1BuyQIGYMBVWLj99U84OhFd8cvIBOKZ2rluG-1MRGcmq5TlE0I6wFQx3OE625gGdy7gZr9AjcQU0Op6O-slEQUEM3GtPrdb9PpwBhqOxivcYO4QF6R1o9CI_rjkUMGgxCo31M6AXdG_2HwCdrbK4n9SnE12VrRQS4HvYa1_Rnq-CBbg-sSveLIQ_yb7jXc3P2Lm0bGLrrdncCf-k6od6o8xEZppMj4qVFqxm9b7UHwaghKD6XfziPUZTDFqBAkI1YYpWNj3IlshF8Kw'),
	(b'0', NULL, NULL, '2025-03-22 10:46:21.404245', 9, NULL, NULL, 2, 'eyJhbGciOiJSUzI1NiJ9.eyJpc3MiOiJpdWguZml0LnNlIiwic3ViIjoiZ2lhaHV5MiIsImV4cCI6MTc0MjY0MDM4MSwiaWF0IjoxNzQyNjM5NzgxLCJzY29wZSI6WyJST0xFX1VTRVIiLCJQRVJNSVNTSU9OX1JFQUQiXX0.kvcKVQ_JmFE3TFteDuouGcEcFZO1OXhGwvNQvs5DvrzrAqz7g-G4Q5RAt5225kVrmtz5SPNt9To9h8P9HqyOAUw4VX19mzXblmbzaA6GIzvhOjVFPoL7azcRRWZ0d_DJSqYDqDS89mJ35YL6YD3-NbcjnMHvGH38bh9uo7taJ0WFOOINKI4vkf64-Wza2wy12zyfhbwWK8iUTDHO9iMN-BhoH46LD9-OqiFEORqjODNOH8inMuNyNdQbBOVARHMCwhyhoC2As7ft26vHDm9E76CD22kW-2FO6d08cIK5QctxUiHY6lb0KNCIDhdbmhTawfmK5VAn3737feQt1Uc_Rw'),
	(b'0', NULL, NULL, '2025-03-22 10:46:47.049325', 10, NULL, NULL, 2, 'eyJhbGciOiJSUzI1NiJ9.eyJpc3MiOiJpdWguZml0LnNlIiwic3ViIjoiZ2lhaHV5MiIsImV4cCI6MTc0MjY0MDQwNywiaWF0IjoxNzQyNjM5ODA3LCJzY29wZSI6WyJST0xFX1VTRVIiLCJQRVJNSVNTSU9OX1JFQUQiXX0.obGss2RhuFnYWM9UxjzYiGYF8WKLlxocfxAxA2YPxyYtkOvbdfsVH-3UQApd8E_hfH26FmFoD5U4nuUKXG_yXTmwBhlqFdocbn5LtXgnMIHTY63kdBnqQzbV4G7DlYENzQDASgm6JgmwbKlCdz2SHKU8aw_oPcgrktR1X9nhTJASE698vR1ujRtSLQsVp0iI6mdt7T6Avx1KqzIdjXkSLmXHQOS1kpoEmu2YYFxJQPAkzSERzCeybIQyodswY5nNjogrqe0xxDWb86itHNQq6qZMb3l5-SnsHgBsKD1QVv9W1EsPmVfrdimkoe3dLV-QvHpcJ5nPxcIBLBmV2emQig'),
	(b'0', NULL, NULL, '2025-03-22 10:50:37.619732', 11, NULL, NULL, 2, 'eyJhbGciOiJSUzI1NiJ9.eyJpc3MiOiJpdWguZml0LnNlIiwic3ViIjoiZ2lhaHV5MiIsImV4cCI6MTc0MjY0MDYzNywiaWF0IjoxNzQyNjQwMDM3LCJzY29wZSI6WyJST0xFX1VTRVIiLCJQRVJNSVNTSU9OX1JFQUQiXX0.quNhVm9NQpUYiKCbJIKe9cFjUoo474zCiJrFfzl0F4WGe2vUWfnd0UqdEey-OT0FkMfPyY3hZJg2t4bZQkcD3BC7-QH914_3hMSaxW--hwcY52h7NyKt9LiK7FEleurmk6OQ0ol0lmdxXnXxHuit73OVZXNo6jyIZSin4TKwVZu295qkL_6Se_UOZ6c_JoXrR9BC9-Ojyz3Ld4_oR6lHTBHwLHIC8kjqQE2eUy1MAfrANNFHj-dCvOS36edmHneFcTRlkySBeTw1SFsdANMGrNdYYtZFOAtwNC2TejdXxVMJOWmdVbv8BisQZeqXyc0THu_d6naW_Ntua49XMcAbTQ'),
	(b'0', NULL, NULL, '2025-03-22 10:56:23.840516', 12, NULL, NULL, 1, 'eyJhbGciOiJSUzI1NiJ9.eyJpc3MiOiJpdWguZml0LnNlIiwic3ViIjoiZ2lhaHV5MSIsImV4cCI6MTc0MjY0MDk4MywiaWF0IjoxNzQyNjQwMzgzLCJzY29wZSI6WyJST0xFX0FETUlOIiwiUEVSTUlTU0lPTl9XUklURSIsIlBFUk1JU1NJT05fVVBEQVRFIiwiUEVSTUlTU0lPTl9SRUFEIiwiUEVSTUlTU0lPTl9ERUxFVEUiXX0.TuAEjTLwcQ8N6Yy4meqNv8FzXgSAkDw0TUdBkm82Ihz3_7U1dJzpEx2-Hhvbh-oS9sJIhujyAHS1Ed7uqhgRgTasMO54hdI0O-wPpGX6kdnDGrdBnyXK0oFCmQt9zlOk9lZbCB2j_ujqa75ZNtqdrCk_XJeIU0uHE6HO51C4oqkNW4ISNuNFb0DkYUqavUOaLJDsGcm7MCj3NHOFUjeie7OnXAN4wVp4LAC3MhIoalYj-0VlyLkTeliwMKwEAjcgEUTaFc3Mk5q7u1mBtz2g9Qa9ExRV359yyzu7ByPTYT3QX-0T7HmcrJymWGxLjqS_YeavjApZfwFvIyVfw3Ni4w'),
	(b'0', NULL, NULL, '2025-03-22 11:02:56.575820', 13, NULL, NULL, 2, 'eyJhbGciOiJSUzI1NiJ9.eyJpc3MiOiJpdWguZml0LnNlIiwic3ViIjoiZ2lhaHV5MiIsImV4cCI6MTc0MjY0MTM3NiwiaWF0IjoxNzQyNjQwNzc2LCJzY29wZSI6WyJST0xFX1VTRVIiLCJQRVJNSVNTSU9OX1JFQUQiXX0.owD3gXpsicVgq7hLRC-doBOUTx3jdlhKrc5eq1_-buytZPVEsY_fLL39YTcuV0Uh9fOIOCAK6kEoCct4RXHHiZ2zgKq353MN-9rzbWsx61IKRzR7S3bqExJX6WYg94hJpLzKnnnvHQ4Lffoeufzt6l-BtY_hxUUXKilkG1nlZExotWPSxHZVwFDP8qkObMMqj3XteC0ui65tpqqGEpbiF3kLcfPd1ahls7Y-k5UKwV-Z_nsX6cwWkbLCNmusHteM0bfjV7Z1Igw9MhhXBYv19C05F7H9okHSf2tbV5cUl1hAm-VZav-O6X3xGq8RkGTOdFCrAxz0hv024PLX4Kb6iA'),
	(b'0', NULL, NULL, '2025-03-22 11:03:41.998550', 14, NULL, NULL, 1, 'eyJhbGciOiJSUzI1NiJ9.eyJpc3MiOiJpdWguZml0LnNlIiwic3ViIjoiZ2lhaHV5MSIsImV4cCI6MTc0MjY0MTQyMSwiaWF0IjoxNzQyNjQwODIxLCJzY29wZSI6WyJST0xFX0FETUlOIiwiUEVSTUlTU0lPTl9XUklURSIsIlBFUk1JU1NJT05fVVBEQVRFIiwiUEVSTUlTU0lPTl9SRUFEIiwiUEVSTUlTU0lPTl9ERUxFVEUiXX0.hL0RATkWj820jroPkCXnH9RLV1sbGsmnjTDF7wGWbf-Kb1ZmY7jJIszTh5FWBGZgxmm7CbdnqQZI1lygzc9v4kyHAEt9Ve-Yy0f3RNOchee1d2DGpE-8uW5lGpiixmFn97GDidXPWkDnC8Rk-7bXIo9WA_wBx9ybivpYctR2u4fA2_TAxPAvs4GY9hG86vMsjT9f13MQfObStkKUKx07PN_pb8uJ4cwH_eTR99H2u3n0jgLJ3ts2dBLlvhYaZSvca4vvxZYtk8tVilab4rFG7QGe7Mq0f_6j0cSfKob2kDMptCFk_V7vy_D3x0h8jb2-aH1KV3vLtaxHXPI_9sxvwQ'),
	(b'0', NULL, NULL, '2025-03-22 11:03:52.275872', 15, NULL, NULL, 1, 'eyJhbGciOiJSUzI1NiJ9.eyJpc3MiOiJpdWguZml0LnNlIiwic3ViIjoiZ2lhaHV5MSIsImV4cCI6MTc0MjY0MTQzMiwiaWF0IjoxNzQyNjQwODMyLCJzY29wZSI6WyJST0xFX0FETUlOIiwiUEVSTUlTU0lPTl9XUklURSIsIlBFUk1JU1NJT05fVVBEQVRFIiwiUEVSTUlTU0lPTl9SRUFEIiwiUEVSTUlTU0lPTl9ERUxFVEUiXX0.JCHE9SFY-Y1gU6j6eK4wOZSc4-cx8n9RyQDeSK3tMcdFQDn3m8WG1WW9BT9NvyyThShqhstVIRDlMUZ2ko1XJ_ImGJvXCGAw77jA7Igg4kPf1jY4TX7Jgq45Pqxr8tAVP7AmWYoi5k7wwTMwgW8gXVBVtII166B0KAflFtP88WZgUohakLDUZPSih4Zs90BgjPn52C3FBf5E1Ny3s6UHtWVln9Qnd-F2MmGARXWTAKfwu-LW4K80EwRYa5V5QMvTWDSM3wwx8RpAP9Sxslf8C7Fa5hHOTz5eJ7jGc5EAAOShmL-hsnGwgPzKDfZ0rFKNI1O4caypsGS1_b3y5kxxnw'),
	(b'0', NULL, NULL, '2025-03-22 11:05:55.907456', 16, NULL, NULL, 2, 'eyJhbGciOiJSUzI1NiJ9.eyJpc3MiOiJpdWguZml0LnNlIiwic3ViIjoiZ2lhaHV5MiIsImV4cCI6MTc0MjY0MTU1NSwiaWF0IjoxNzQyNjQwOTU1LCJzY29wZSI6WyJST0xFX1VTRVIiLCJQRVJNSVNTSU9OX1JFQUQiXX0.AecY9OgatiS4kyWiJ2CE0029nhzTzS5nVKZkCF6lJGgw4mHKFJz4xlEZVY0NVm9P68CmoV6Ev_zVCbQOzzI-Rz5uV7Xdk0pj-DgUdhfj3EDRNPJnvwcela4d4YwxMCKlCdOU1T5pCa1USc7jyUCyr6EQbPnyNnPW5E1O4Orzrqxjq8nIx5z8F0oI2wvd1VX2tXSULAA7jqDomZxNuzW9m5G7qL-ycNGkhu11xBkF5Vw_-fOW3f1vcudl2zteAXR7pHTWEdENfn0Cbntv4c6CsGz4gYzqMslrpJNx9opIWFYY31l849wAxGx3oIlwlYl7Q9ydY6pIfVhQw0SYckQf6A'),
	(b'0', NULL, NULL, '2025-03-22 11:07:42.824512', 17, NULL, NULL, 1, 'eyJhbGciOiJSUzI1NiJ9.eyJpc3MiOiJpdWguZml0LnNlIiwic3ViIjoiZ2lhaHV5MSIsImV4cCI6MTc0MjY0MTY2MiwiaWF0IjoxNzQyNjQxMDYyLCJzY29wZSI6WyJST0xFX0FETUlOIiwiUEVSTUlTU0lPTl9XUklURSIsIlBFUk1JU1NJT05fVVBEQVRFIiwiUEVSTUlTU0lPTl9SRUFEIiwiUEVSTUlTU0lPTl9ERUxFVEUiXX0.0Hx798aBNiKpnKnS8adnW9g9cjRR-Z9Q9SdB6kqh03adQMNpNsUs8FneqW-Iyo8ODOqjdm1NYB4XHhcUioaqDIB_UFk3AbM_9xuPBz-RxmGH0Ckd8ICU8oL3ew3i4bqfdilIyz_LGIKgu8Y7gUJsKSQY7I-ZOzHYtJpzxjb_XVF1DAjV_moXlqqDcbVI8HgeURQy8rqD6mVqNmQla-o2Gfh4HZ3KHTF17s022VXDLiMs5_JpTro0EHs5SaYojtmMykUeYpY-uoCKkSBJlxbqV-ULTw-fNmasthVFjzpECs_JrER5JcfR3FORLwwhiLBUvCFWynUpvNdScOh34vk3wQ'),
	(b'0', NULL, NULL, '2025-03-22 11:09:46.835454', 18, NULL, NULL, 2, 'eyJhbGciOiJSUzI1NiJ9.eyJpc3MiOiJpdWguZml0LnNlIiwic3ViIjoiZ2lhaHV5MiIsImV4cCI6MTc0MjY0MTc4NiwiaWF0IjoxNzQyNjQxMTg2LCJzY29wZSI6WyJST0xFX1VTRVIiLCJQRVJNSVNTSU9OX1JFQUQiXX0.ui4mocTMlBVJ1LhrA-tv1B2gPg_QDtJ-OeXkJvqfXcFONK65G_HXg-u5d2K3AjaSGhmAz8Jnl6KnMR72QHlEc4nlpLpQ7SCB_WyTK5_CGVteji3siQ-2ZfsIZxO6wO5horAzewv-7nUp8EKtrgcmYIWw3TQAZdubyM2aCbQmWJkisxT7hNKIMOJIvMGw1eHyP_v797dRZiUcCoqWsKb5X9GLJffr_nuuSTePJols5aVfCNh03TinR2BwDThYXVpYNcj9WNEqvhLniRsK-sLo3eUaBBS_XF87d0aDa4mis9vLxg-epwyltBG3KYJBfA2u-9BPD_igdohU_V5lfp_m3Q'),
	(b'0', NULL, NULL, '2025-03-22 11:12:24.093904', 19, NULL, NULL, 1, 'eyJhbGciOiJSUzI1NiJ9.eyJpc3MiOiJpdWguZml0LnNlIiwic3ViIjoiZ2lhaHV5MSIsImV4cCI6MTc0MjY0MTk0NCwiaWF0IjoxNzQyNjQxMzQ0LCJzY29wZSI6WyJST0xFX0FETUlOIiwiUEVSTUlTU0lPTl9XUklURSIsIlBFUk1JU1NJT05fVVBEQVRFIiwiUEVSTUlTU0lPTl9SRUFEIiwiUEVSTUlTU0lPTl9ERUxFVEUiXX0.t7Ijv8b61yIi1qTBt-wR8kIq2CGDym9elQjH3abxdYdqV9mUfRxIFiNc0A_Um7ue8gMmbNfagM_2-CiPEe16q7iT2DjSTujzOSZK8GrmyvIPRgXRD-WjuN2b-NvXUJDUK6YRtrMOz64WCRX_Zbd3nsOmWoQvtlwWs35BqifJiwrN5whvziUPyqkpFQA3DkTlupuvqNBcqEF-49iVWrgHU6Fz5sAXssQIdWPnXclKN7AA8XDKy3KVbyZZPN_dXGApN5P0-qnwRwxBkjpqwoqge0wz7IGTrTkdBYqOv8ZMOGdTKvTHzDZSejfXo2UQ-SoYhHjiDjL44WrHA4ozmB38Sw'),
	(b'0', NULL, NULL, '2025-03-22 11:12:41.128865', 20, NULL, NULL, 2, 'eyJhbGciOiJSUzI1NiJ9.eyJpc3MiOiJpdWguZml0LnNlIiwic3ViIjoiZ2lhaHV5MiIsImV4cCI6MTc0MjY0MTk2MSwiaWF0IjoxNzQyNjQxMzYxLCJzY29wZSI6WyJST0xFX1VTRVIiLCJQRVJNSVNTSU9OX1JFQUQiXX0.vtnwigLXVALlx-CgR1OMAsUIqgcb29KLQ8EqCGhY6Ato3gjn7PhKHLScJAZhCEItZbxyMwDpAShcpFr9bDEE3SXFxidI8_2tN6GYttmyWBAnvtT2vW51TF3XrnHoOipJ8i5y4CmyoPs6sZRiJ1iKFGZ3LfPEsWiPXXD5EsTiosZmv6VEVLNc5KMWO5QpqbB_tFh2BMxAChGYYHbsG8HY_uiLjBubo-TltOXHRrfUpBhWLkDLRG9WVzB6gKoLrg08FhULY9wdS84YokAJVeefTfjBIpcDeXxfnS_Mt1ZKeCPRwsuAIIJ3dvWaHz9xgOQ3BgqrSVTQ5UR8GWJNXzKRQw'),
	(b'0', NULL, NULL, '2025-03-22 11:12:58.899195', 21, NULL, NULL, 2, 'eyJhbGciOiJSUzI1NiJ9.eyJpc3MiOiJpdWguZml0LnNlIiwic3ViIjoiZ2lhaHV5MiIsImV4cCI6MTc0MjY0MTk3OCwiaWF0IjoxNzQyNjQxMzc4LCJzY29wZSI6WyJST0xFX1VTRVIiLCJQRVJNSVNTSU9OX1JFQUQiXX0.BhNILKW0wGwx2fGj9QX7BFR-ibf2HkYsaINKaCnbYTe5fEChhp7TLR31lD1357iSNIy80kx4TWvGGvp1_G18KJ5Hbzc_WBPB2dGLSBDjK8a9gxHNfSsxPhbciz86rv3ukmATvORcxChqRN_d0fLO-KqrrdMGrltMKKPDOL52iDIJFBIIHKqxKO9_mqSqjzBK4mCO8fJbkp-XjxVl1e1tB6hPyMmnrPXV9bYTjQZdbA6tL2zQqEvx97AqyglgsE4mNU7LX7Y34D54JmzdFkHKolyKCulck3Zy_S-T8HSNblVet3kC9pcXVHG1u7_3LhluCTqAc7cja_9JXTiaMD34iQ'),
	(b'0', NULL, NULL, '2025-03-22 11:13:05.553798', 22, NULL, NULL, 2, 'eyJhbGciOiJSUzI1NiJ9.eyJpc3MiOiJpdWguZml0LnNlIiwic3ViIjoiZ2lhaHV5MiIsImV4cCI6MTc0MjY0MTk4NSwiaWF0IjoxNzQyNjQxMzg1LCJzY29wZSI6WyJST0xFX1VTRVIiLCJQRVJNSVNTSU9OX1JFQUQiXX0.xhTsk5aeRVsbfu7BVkPf_C92s2iq-hw1SFu-lwy-68Qyh1HTVtOfeSbf_9bsFVJjAnQVe-BqS7T6XYq_DYgeP7e8nZeuSdzG-oD96I9_RATUMNpXtbGx37VoIwpIl2Bmc27PwXE52gib1fcdThwJrokUt6JhanYOrkB9AJIEUUuD9GEirN0RKRY6OCzipgByDo9uRcwau7S5JcUDT6kklQSC0fVD_X3XgE1ueRB6JRW3h4_GGDoamfAm0UmsF3z_fDdblqxsvswwLQxXl0S0oAL8MBCxELDc10uNZao5M8i_jK_k12njIuVTgkhlI0PBVdN9nH8VeFZmB_ZoNlMoxw'),
	(b'0', NULL, NULL, '2025-03-22 11:13:11.391604', 23, NULL, NULL, 1, 'eyJhbGciOiJSUzI1NiJ9.eyJpc3MiOiJpdWguZml0LnNlIiwic3ViIjoiZ2lhaHV5MSIsImV4cCI6MTc0MjY0MTk5MSwiaWF0IjoxNzQyNjQxMzkxLCJzY29wZSI6WyJST0xFX0FETUlOIiwiUEVSTUlTU0lPTl9XUklURSIsIlBFUk1JU1NJT05fVVBEQVRFIiwiUEVSTUlTU0lPTl9SRUFEIiwiUEVSTUlTU0lPTl9ERUxFVEUiXX0.TtvbssC-mEOAwBTKQcvZsOpYtOVSJje5gIHmM9Sj3sHcgT-u_TqzDUQc5Xb7N8oLGi5377srTz5yJpWWlS5EAw3LQ_qFr5KG8rXCAB4d4l0VQy7JpaazaNx1VH29Ie49TuuqCVEvY2fDMH3a853veINZEAZ5BZK-q9zYDnUY4ssLYL2Rcr0PJstDtx0-WgW4OzxWOGhSg7aYUURwPPDeKR8SR-SBOlnb3a4pRemHs_nqIcubuqJ6cwKJMobtxO5HFbmd-XCUYKdNCKpvXxsZksFIDnWrNV5QexQvIpeTdvptkEcDbeI5qrhosPj-rfMC21umTrIe766Y_IncpTY0OA'),
	(b'0', NULL, NULL, '2025-03-22 16:14:38.714510', 24, NULL, NULL, 2, 'eyJhbGciOiJSUzI1NiJ9.eyJpc3MiOiJpdWguZml0LnNlIiwic3ViIjoiZ2lhaHV5MiIsImV4cCI6MTc0MjY2MDA3OCwiaWF0IjoxNzQyNjU5NDc4LCJzY29wZSI6WyJST0xFX1VTRVIiLCJQRVJNSVNTSU9OX1JFQUQiXX0.MSBBgoHT2J6iVx0co5qK2CiJMUNsRHkAWE2WEVXP5DZnf0sYAUkCGjcI1t9MihxZ_ThaDR6c02dDdoFMymHakprA8RXFh07UIaZFI_9cJZa4C5XASI6DDIyBBKYuTti7b5ne-xb96WsTOey_NZ1-TyFlbB4IyyM7SjHFfSnYGT1B20mzs3Cwuez3yf-Yc-aB7Hfive3_ldS_u0DeX-F-3jwTUm0HTbnuUraSF-Z8L15oT_iMiavgWQnupSGag9VpKoxlldoAJQrTvC572r11NnUeuW5AKxrkxeLEH49AgaNOytotRjYlMF2tnQ83Mj8wuqv0oiUSJlRsicbTi53Gqw'),
	(b'0', NULL, NULL, '2025-03-22 16:29:59.818937', 25, NULL, NULL, 2, 'eyJhbGciOiJSUzI1NiJ9.eyJpc3MiOiJpdWguZml0LnNlIiwic3ViIjoiZ2lhaHV5MiIsImV4cCI6MTc0MjY2MDk5OSwiaWF0IjoxNzQyNjYwMzk5LCJzY29wZSI6WyJST0xFX1VTRVIiLCJQRVJNSVNTSU9OX1JFQUQiXX0.Dc0N08nVWb24K5Tiz-HgLBiGs5qiDW_TCmm-06YtiRy_Ola84zlukB4m73k2Sp9UOMKtyjm-pmdK8rboVRwu_TcEtvVp6DQP0PAdqKMvK0jkyT_228OP-tg_yIbTdgKrJLNObs5xOjsQpeJ4swyPhXew-WCDkZZ67UofjVgsSdnak90TjRqsjf5aMmKDTGctdSrpsXVfwHgUpMH8TgTt6gBJmHKetyJesVvxMFT1yzZpbfdTxOwOmXgq_s82tEn76WQ2VUSPEfKH977GyfWlilaacS3Rlid5NWdAXQdLSCLCesfYTi3MvsPJNemYF6ZrCh1JpURn3XHLvIJMuxptiA'),
	(b'0', NULL, NULL, '2025-03-23 01:25:54.800901', 26, NULL, NULL, 1, 'eyJhbGciOiJSUzI1NiJ9.eyJpc3MiOiJpdWguZml0LnNlIiwic3ViIjoiZ2lhaHV5MSIsImV4cCI6MTc0MjY5MzE1NCwiaWF0IjoxNzQyNjkyNTU0LCJzY29wZSI6WyJST0xFX0FETUlOIiwiUEVSTUlTU0lPTl9XUklURSIsIlBFUk1JU1NJT05fVVBEQVRFIiwiUEVSTUlTU0lPTl9SRUFEIiwiUEVSTUlTU0lPTl9ERUxFVEUiXX0.QHDvagVqh6BVgDBER0JyknuEc97bfnA38al3e7YOla0WymoFw7JEYuPftAZqE3WqPr_Y7d5rxmPCvXG2FhEEbbkRYAYx1RLxPur9hYVBIqfMvFyD7W9jsqx6GGteHkl_E9q0ixMeBC66thkzMA7eEVj8ReQdXF9DbPeeLggf11N5PmbOlkBH2OrTskAmY8UfUo8U4YiBa95qpNq1heKRoJvQph96rR3jTFr395kshFE46Uaiu5PlTuirsqF7--TQqCXYWFs50FIwSot5tqccnR_tvBTW0jaj64D3VnmfzBWPBXE6Flt2EGzEDnq6FefoDVb0bWQYd4ObROo3xqb59w'),
	(b'0', NULL, NULL, '2025-03-23 01:26:02.940343', 27, NULL, NULL, 2, 'eyJhbGciOiJSUzI1NiJ9.eyJpc3MiOiJpdWguZml0LnNlIiwic3ViIjoiZ2lhaHV5MiIsImV4cCI6MTc0MjY5MzE2MiwiaWF0IjoxNzQyNjkyNTYyLCJzY29wZSI6WyJST0xFX1VTRVIiLCJQRVJNSVNTSU9OX1JFQUQiXX0.Ye3Rh4X98w9YO5hAxt2WCtDrWU_QtMMsdqIlbkey8VphEAF8_uhOJlCtkyTefHktYa0N99Ngo3YrWvWkDEWUNt05R97vrctAxpcyaAReIJLIndTtzdkahiUHQLbEgghc4-3YV37xzVsSRholVD8vZEWvpWLYl-m9Kj-pXeZJ4xDDr31VMYOJYN43a5YMOFq7vOZeFzjdeEaf3Jkp4ihcYUtM8OtE8ssN7uP_Xd_YXEvLA8q6cMxi5Ao0EP8b9tnN7sdgw3IUL6H5-d0ph8MqKbjrKXhANfLFGf8f5WpW6ehgU6f1qJTcnNROgAKVDHdwn-shgrqFpJiPlqWbaGtyfg'),
	(b'0', NULL, NULL, '2025-03-29 16:21:50.696921', 28, NULL, NULL, 2, 'eyJhbGciOiJSUzI1NiJ9.eyJpc3MiOiJpdWguZml0LnNlIiwic3ViIjoiZ2lhaHV5MiIsImV4cCI6MTc0MzI2NTMxMCwiaWF0IjoxNzQzMjY0NzEwLCJzY29wZSI6WyJST0xFX1VTRVIiLCJQRVJNSVNTSU9OX1JFQUQiXX0.xXN3Rfaybr74Kuu36T7ufT2WJuy_86bSvCWwKt2KfbbR0GlFqhXs86Xn8GZwtbsYCP3hna1Zvc04fcnbsJdL-LfVcN-TG9oRBL3i0DcGoxMA-KIXM2ilr91MpB72eNeNg3MFPL5VtIleVC887Fo_UympaR0nYYBazhJE6T17VPIPZ-rQmFJvZnpnUnGD3i_G7NOGtYEWEzR2o2W4d4HubW6kOf5unsHb3OGuI7XBgJnifpoby1NwT3TPL-Na2rVQ5PNs15GPXNtNnbduH0bEH2O10dt6ZKSDRfvUfNld8Fs5pc7xpeWBNxR2tVLj6itxGj7XIjfSbJM8LaEuyhtqmQ'),
	(b'0', NULL, NULL, '2025-03-30 03:06:03.618013', 29, NULL, NULL, 1, 'eyJhbGciOiJSUzI1NiJ9.eyJpc3MiOiJpdWguZml0LnNlIiwic3ViIjoiZ2lhaHV5MSIsImV4cCI6MTc0MzMwMzk2MywiaWF0IjoxNzQzMzAzMzYzLCJzY29wZSI6WyJST0xFX0FETUlOIiwiUEVSTUlTU0lPTl9XUklURSIsIlBFUk1JU1NJT05fVVBEQVRFIiwiUEVSTUlTU0lPTl9SRUFEIiwiUEVSTUlTU0lPTl9ERUxFVEUiXX0.NwZVQTNSidc72QxzK1sI3xgHVWyNm0mpnpSZHXJt8ZT6FDOHklT86coQqJpMNu_-KA7BtjoKkcgj26zHK4E3U6lRalesW3gaCEWZR36_SuJzEA3y3SK9a8HEBkx9QdHbz7PIerh_Xhmcy9x115lsvfALGs7FtHML599kQpVQTi8SRBHfMam64J08yw4JnkM65-CsjCKuPhSmlw7ud0lKH6dTpfqm5KlMdr0K7agxXZGBvN81tKymLaNcZSgO0Ab3f0k2nxwxQb5SuQA2i3k4HHFvevBupdEyRYMwBXIdsL9adS1LYQXi0cEkrlobeg7sV1n70af1VtznGs8vV-p9qg'),
	(b'0', NULL, NULL, '2025-03-30 03:06:07.262975', 30, NULL, NULL, 2, 'eyJhbGciOiJSUzI1NiJ9.eyJpc3MiOiJpdWguZml0LnNlIiwic3ViIjoiZ2lhaHV5MiIsImV4cCI6MTc0MzMwMzk2NywiaWF0IjoxNzQzMzAzMzY3LCJzY29wZSI6WyJST0xFX1VTRVIiLCJQRVJNSVNTSU9OX1JFQUQiXX0.LuVBs1xCoalBDGA9PdgGsRMiL7CkPeRtigWz8mqco2c7hMr96J5iAFbnyE19_MLYxWuN-opXjtemZCvhHxrHmmMzHTYwyjjJRq4auxzQop6erxjwb36EhhhQSoLRp0GH77j2IdJiO171J3ptKI6V3U6gN0idW__M2k80SrNo3gg6gitnRDNZrPNUuuzN2eMvf1GoYnzZC_xxhOOjKu4hv2KEdGQtEVsGi46MxHB8V7R6Ip-YUejLCWxqosFUcYG6p0vT6imVttGZXtVCA8KGalxC7ak52U3xSxxECSvNc-HR4kOPvsiJo1kWoGyPuxLkopX44CYmhhOP8f6IINwGIQ'),
	(b'0', NULL, NULL, '2025-03-30 03:18:35.769516', 31, NULL, NULL, 2, 'eyJhbGciOiJSUzI1NiJ9.eyJpc3MiOiJpdWguZml0LnNlIiwic3ViIjoiZ2lhaHV5MiIsImV4cCI6MTc0MzMwNDcxNSwiaWF0IjoxNzQzMzA0MTE1LCJzY29wZSI6WyJST0xFX1VTRVIiLCJQRVJNSVNTSU9OX1JFQUQiXX0.imz3HCMfVqdzMmY4Vcr6F7pzvM-c6qtiMSaHbX3mIvl6__KNayWeFYD_jjZsY9Ya6vj_H7a1GscF7qwbz4zHTKBJUoO1Yi_XwrgNpUvDZSFH1nJYxhJncQG_V_QUOrzgHv8briAqfQ047MQwayIBBv-_F5zTth2ttiGdVaH-1hRf9PuWdYIg10L6F55k9z0SAX1nPGd0t32x6WLOBI1N4PqWvFxenRGm8ksfbQ1VPFLoLp6TqD21w5IaBFWOnWFTOrgkNRyqQXH9av18GQ_mDY1nYGYGfmLNSZQ_lVZvUw3-kz_pQsQCSCECuQTipRUyBipeSUxOtmE1vc9sZPA0iQ'),
	(b'0', NULL, NULL, '2025-03-30 03:22:31.526451', 32, NULL, NULL, 2, 'eyJhbGciOiJSUzI1NiJ9.eyJpc3MiOiJpdWguZml0LnNlIiwic3ViIjoiZ2lhaHV5MiIsImV4cCI6MTc0MzMwNDk1MSwiaWF0IjoxNzQzMzA0MzUxLCJzY29wZSI6WyJST0xFX1VTRVIiLCJQRVJNSVNTSU9OX1JFQUQiXX0.YMjyZdlXkV9yJ68IGUY1ulhQPINNt1XELevLPs9WSlFkcGs3PC_QJSgNvY1l4KcLE2oRSOqoN8k9ySQrg-BP5cryU4SMqsdOJsuXHFgQ54cq9Baa4WsEeLMxg1Q1lCw0j9gdcD7Ixp2PjMO6FmEA8vo9F4i1aryug1PNXvAGrBJkqvElQy2IfQymjL5xUTDO5cTmEcnKXKO0o8Q9BHeK_IxH5_k6IDTVSQUGdtZp2zxSAta_W3zTZJ4GT0MWb6px0B_0x-7XGVtMxBq8p7EGfUopkcyMd_cfXFI9GgYXOK02tNTIxwS0ezTxwJqk8AcJTT2791O0FqUruRA_D87nOQ'),
	(b'0', NULL, NULL, '2025-03-30 03:28:54.962562', 33, NULL, NULL, 2, 'eyJhbGciOiJSUzI1NiJ9.eyJpc3MiOiJpdWguZml0LnNlIiwic3ViIjoiZ2lhaHV5MiIsImV4cCI6MTc0MzMwNTMzNCwiaWF0IjoxNzQzMzA0NzM0LCJzY29wZSI6WyJST0xFX1VTRVIiLCJQRVJNSVNTSU9OX1JFQUQiXX0.kYjsOSNTe1RlqYM1LC1-5JmWOgh6t-Sg0Avb0qDDseUG8yazb3nBjJjctmeR-B86Js_5ZEHhCnz65SRSpOklu320wHOdHpsoHtMAAFNjEAzG5osWxXAfIHWCSVuQX6QyyY3hkpBrLjXU2vJO-7jiQ_LMiJOdMD8FOa2xoPrnSkmGgWXMLZvXxLXnPZIky33oMXNn3r-ggPErmjFQGldSDNrTtu5rf8khkx6zYt3xIX7wc-eIIvbdetjcVe9pdWxtTj0jYFkxrAqmNGfVHgikwjvv-HXpW604457SBGdjBk7t63c-vEWDJmWPda9mvk-etII-P8IJChAH0T5koSwjUQ'),
	(b'0', NULL, NULL, '2025-03-30 03:29:35.487606', 34, NULL, NULL, 2, 'eyJhbGciOiJSUzI1NiJ9.eyJpc3MiOiJpdWguZml0LnNlIiwic3ViIjoiZ2lhaHV5MiIsImV4cCI6MTc0MzMwNTM3NSwiaWF0IjoxNzQzMzA0Nzc1LCJzY29wZSI6WyJST0xFX1VTRVIiLCJQRVJNSVNTSU9OX1JFQUQiXX0.r8hEr8T-OXJaBCBBBVZdjyUaNNLVh7J4yBQfvWqRRBtvqbaoux4TbHwOHRgJ9QbvVo6UCkCvppXbId8ek3cRJ8xPkAoYhnz_yBIq-NlvMQMltY3TxwJzebFVC_8K165c6JzxWMea-RkpdekGuUh5LMuboBJDUOPgwoc3hp7hgx5vPYa_Rfc1WvnHQyOkWVB1clVdNL7jYMMcy5suNKmLnjkrBKFfbxfL6_cDAnRRKTgsyCZaXxYGwIsQHkt-utxzlwH0J-5hqiefhENtRvI6hwuC01FdzFMp_5h_4_61MfwjF6pI4fv4n-emiuyM1hryAhjOyTdoadFyeJ89fNW9sQ'),
	(b'0', NULL, NULL, '2025-03-30 03:29:49.624960', 35, NULL, NULL, 2, 'eyJhbGciOiJSUzI1NiJ9.eyJpc3MiOiJpdWguZml0LnNlIiwic3ViIjoiZ2lhaHV5MiIsImV4cCI6MTc0MzMwNTM4OSwiaWF0IjoxNzQzMzA0Nzg5LCJzY29wZSI6WyJST0xFX1VTRVIiLCJQRVJNSVNTSU9OX1JFQUQiXX0.yEJjZkJ9LqUSD6Z9TisoqsY2LbHXXTfh3zAUj7aoIi58eWvr65ZMtPMkhxwv1U1xqewUo8Ak8WWY3ijcupgUKEEx-UDsEL76jKekz3pMz1VyiYe12X_PAXGNR97xqGaKq5i6I-NTmGeflnokT-XkhI3qNqG3TM0RSId21DMdkun3xUDEP7vkqhqpTdfmH8Zmu0cqg2a4Ff3s4J_SphdRjrAwQkWUtQbqdrkZx1IXgCi0uyjOwGd1WYUOBbC3QTpqAIZnvAZH_Y65x8zy7-srJ24PLqNG8jcwBeTpalla2PsVTGhNR16A0VZP6nGG2u3brsbc2eGMEuwTEb8VMJxUPA'),
	(b'0', NULL, NULL, '2025-03-30 03:30:02.601278', 36, NULL, NULL, 3, 'eyJhbGciOiJSUzI1NiJ9.eyJpc3MiOiJpdWguZml0LnNlIiwic3ViIjoiZ2lhaHV5MyIsImV4cCI6MTc0MzMwNTQwMiwiaWF0IjoxNzQzMzA0ODAyLCJzY29wZSI6WyJST0xFX1VTRVIiLCJQRVJNSVNTSU9OX1JFQUQiXX0.JUI63qPpHqH3nbyJqvumx3yeFEK1U8HWecl7FikXjIzPnz3aHlb4-4GIxVocNFZSz8zUI-Jef6j0pb4KAuPqkHym79bZ2MfgcKhlTmVe2Ne8FaldFIYGlOkdNG6EI6sI7j845ZtEbt85cTXYFWM0e_zcdMAxYNW2WdmpBtQyBzOnHRAzgam5EV2dfw7PtpiFKiezZgnzJ9eDKzAO47n0_WCsAqIYA8YcZcfVDhAvuTpmPPbG5sgc3ILlAEViawp5IE9ZUWoBN7GeAzXtwdr4l6lTx-g-bOEpVEweprOl2_DZ2X4FhnTgyaxhx-T55kOQlgS36sBu4TNLp5mc24S6sA'),
	(b'0', NULL, NULL, '2025-03-30 03:30:12.330289', 37, NULL, NULL, 2, 'eyJhbGciOiJSUzI1NiJ9.eyJpc3MiOiJpdWguZml0LnNlIiwic3ViIjoiZ2lhaHV5MiIsImV4cCI6MTc0MzMwNTQxMiwiaWF0IjoxNzQzMzA0ODEyLCJzY29wZSI6WyJST0xFX1VTRVIiLCJQRVJNSVNTSU9OX1JFQUQiXX0.GHSnhqfWEIiOKGWG8TWUOyYCgXf9FfN5zvidNvAKtMqP978VDZN5jyvibN2gtASL_SiwAPcfzEJf7CNCl_FQTQxGqB-iJefANe-WR8SCbrSXiBa_wFGVzMFBwQ_G_El88HHmZeC937b_P0_LRW_wDM43xqg6wCJm1x6kk4nFcsolOgAXU88RNDA84UptTE6OEhuRN8sIiEy-VW0InGHJy1z-xXIbMjDqi9bG5nlMLP5-su-C5QpMocBvVoo679SnO9IZa7xWFYnCaGVFMe8GBch90Xe_hw23Yxk6hBEk02f3-pCdIddBKtv00IzcDHKv5TRc7tEVoiUc5fVB25ezSw'),
	(b'0', NULL, NULL, '2025-03-30 03:35:31.681882', 38, NULL, NULL, 2, 'eyJhbGciOiJSUzI1NiJ9.eyJpc3MiOiJpdWguZml0LnNlIiwic3ViIjoiZ2lhaHV5MiIsImV4cCI6MTc0MzMwNTczMSwiaWF0IjoxNzQzMzA1MTMxLCJzY29wZSI6WyJST0xFX1VTRVIiLCJQRVJNSVNTSU9OX1JFQUQiXX0.khoSIbUcWDUG0dhIlc0qqdPrAWQR1Qdsik2FBZhJOCm6mZzDwqsP5qLSGJpXB0YynvgkvLpFeLvXCy41o1NUdLxlKRcTfP83r8J0FhXd-L9FYzhs7UMfUdTYZriRbgosZmgerroplap_7boCaMNnVrG_T0QmZsQb1qf-LcLIw_JiAzpaLWtOw_qpihsSt0fNwCJ3-vn6oqIdB3Wwe84aVyV0N4VW502c57A-sPhUI-1UQE4CQehrBOnFlTwZtrWs9ECW1o7Z9CmJQ87_mnqG3F6h-9AbEsG63ouWaI_eDaw41AaZ8MG-G5-Yyop6fEmkBWGKxIqx9FnKmhG4-BqHCQ'),
	(b'0', NULL, NULL, '2025-03-30 03:39:34.135159', 39, NULL, NULL, 2, 'eyJhbGciOiJSUzI1NiJ9.eyJpc3MiOiJpdWguZml0LnNlIiwic3ViIjoiZ2lhaHV5MiIsImV4cCI6MTc0MzMwNTk3NCwiaWF0IjoxNzQzMzA1Mzc0LCJzY29wZSI6WyJST0xFX1VTRVIiLCJQRVJNSVNTSU9OX1JFQUQiXX0.xd_rEg-K0hX1IJrChLITPaGMSBR9StDa7YpJvOdIAKLjaH3DeQM1r8f5D21Eja1r4J3DjCfyIFTg0srzf_hqE0Er_zUoGXxBG9VsLPgxp8SPFX7fldHNkKrPpNNsPtvNtHg6RyADwlFJfQlY80yI1T4k3sAGDcxvTBhRLy8yjIKWF4zdRdCPeOUMZgsfC5UGOsPS-kTeHvIqx8VFHv6jzN1fUfSQnBy7W05oNlLhMt4lfI_1wtlIv_WOlKSa_QBqwcDhfjHAlKBOq-7hrqxXep1BLmmsvwop7MlGIbJG9UK89Gc5cG_n0A_BoKzruN1f-HL3oebO0Qy6DXw1wQOHcA'),
	(b'0', NULL, NULL, '2025-03-30 03:39:46.212146', 40, NULL, NULL, 2, 'eyJhbGciOiJSUzI1NiJ9.eyJpc3MiOiJpdWguZml0LnNlIiwic3ViIjoiZ2lhaHV5MiIsImV4cCI6MTc0MzMwNTk4NiwiaWF0IjoxNzQzMzA1Mzg2LCJzY29wZSI6WyJST0xFX1VTRVIiLCJQRVJNSVNTSU9OX1JFQUQiXX0.dt1N31HQsQOXwQZ7O6D-pLzhNng0wKsHwKAG1UMCpInjxrMpYw0Nf_iVX3C_2PaGLaPrAQLnvFLgi7AxdYHUkOzmz17S6ZbPOKhAjbIInrvwyhszolFRk8Yzgq6_ZJMbHa93AgBDFq9VXUqwmazeyTzlRpP1KobVP2JLfjQh33l00y0fd0xbbBwFlzQQV63Z7rIHupqO-n0Rd01l2wvHxJkKjskfS04DTunvcutMXGrPcdzjQ4W6nqUzKT80ym_eSTNLG3O_zqgBakSyD8wEhoIJ4sTuNGS63aQmoD1BDfmG9bSztaUoTAR_8SdfC1BMTMhT2q-EKGKbVguWB8FOnQ'),
	(b'0', NULL, NULL, '2025-03-30 03:40:06.038587', 41, NULL, NULL, 2, 'eyJhbGciOiJSUzI1NiJ9.eyJpc3MiOiJpdWguZml0LnNlIiwic3ViIjoiZ2lhaHV5MiIsImV4cCI6MTc0MzMwNjAwNiwiaWF0IjoxNzQzMzA1NDA2LCJzY29wZSI6WyJST0xFX1VTRVIiLCJQRVJNSVNTSU9OX1JFQUQiXX0.AulDTbb6qSrP9DY8JeVTgU9yc31QQXZxJl8YUIQtYE3S9cowwlb-TrMb2cF-ybwbGmAylEkUqqCRwrW2qyZfSOintCi2-Km5mAiFLB1DIKsVnfZOK4yDvOxt65ge_NLpriWZzAt3slnSLo1u9QHhNAGRbpmvl7e-otOl1Xcla79A-3NdaH57JWeIfZzf4MPypt1WejMsdA98UwH8ML4t-OPWjyCjEFkoQV4Zb_gMIkgLHjv7X6XoF8GQ_L98qL8TTohVf_tcrCLyRi8YEhewmUqhePF0S1kSGpamDeU8wpEM72tOPGwVq8Nd5TnmXqfTn_ECxq_PaiRQ_16KGTWfcw'),
	(b'0', NULL, NULL, '2025-03-30 03:40:17.394183', 42, NULL, NULL, 2, 'eyJhbGciOiJSUzI1NiJ9.eyJpc3MiOiJpdWguZml0LnNlIiwic3ViIjoiZ2lhaHV5MiIsImV4cCI6MTc0MzMwNjAxNywiaWF0IjoxNzQzMzA1NDE3LCJzY29wZSI6WyJST0xFX1VTRVIiLCJQRVJNSVNTSU9OX1JFQUQiXX0.nQ0kxDOtJrQjFwCyksHMv22v9rxHzEEyYpmls-rB8plqN7rMIU8sgVxVvDb5sbNb88l6rFSxKh-7N6pzqcIoQtMcPEHcakHOYfItJ9-g7AYgBN1sNzQYVUCAH7x6twHDjFFrJ9mGaLO0OuJ6hIbDb-ELOshgOOlvXdgIzmU4bCgaRFEgR_N91c4f6tNTLIoU9j5nDdAQxP7EK28abgfQB7MOY9hCR8aDHrhHAqX8w_sXlkWQdZt6sEfNZMmTqAfkmiARcySAPtmxqWH36FOWknAjHuxjuXrx13CD-kqetvpD6XQx-pFHPJnLmGaCamjJ49W8qTkc8mA_5QiekQIZ1g'),
	(b'0', NULL, NULL, '2025-03-30 03:40:50.254535', 43, NULL, NULL, 2, 'eyJhbGciOiJSUzI1NiJ9.eyJpc3MiOiJpdWguZml0LnNlIiwic3ViIjoiZ2lhaHV5MiIsImV4cCI6MTc0MzMwNjA1MCwiaWF0IjoxNzQzMzA1NDUwLCJzY29wZSI6WyJST0xFX1VTRVIiLCJQRVJNSVNTSU9OX1JFQUQiXX0.LdSj_7NK2zUc0428x56TAVAQHYZak2YsNatT2u3QhvvcAd9AaRtZa75k4ucRQxtmdvqeZ7LmMDzHI3o9hAv9D3fq4Jo6tDqwRWlOwL2vlPi4CtVp_xkTPaO08SqT_2o8uEnV184eRk7VgwzDuk2ySMZZJJBEmYAUslLVYLoLmEnFfWEVr2XO8pCHmf50iaEj7bJZfH2cS2RiVa7zTIGtKbNrjUYUGqOJ5TYHP_DGkqcxexJx_JZo00Zc3CLhzOxgjrmEF4lC12GyB8TUj9sOz4RhFgS6PZqlaZf-LXhAVnVcmjGLmSyZoj0vNZ4cRiLJ64VFKqjqQfW9ARbfB9UxZA'),
	(b'0', NULL, NULL, '2025-03-30 03:42:10.427554', 44, NULL, NULL, 2, 'eyJhbGciOiJSUzI1NiJ9.eyJpc3MiOiJpdWguZml0LnNlIiwic3ViIjoiZ2lhaHV5MiIsImV4cCI6MTc0MzMwNjEzMCwiaWF0IjoxNzQzMzA1NTMwLCJzY29wZSI6WyJST0xFX1VTRVIiLCJQRVJNSVNTSU9OX1JFQUQiXX0.xdYhbU0VL3k4I-TwDd8LfMvMihNqeB4y1RhIBfru32tgqI1Itaj9jdyuY1XIi8kCf60LEZm7T7Ampsm2ZC_L9Nx2iJovT5gBmwqcMxJMHapQzwkySWBmDlecAQEQ52nH_QpetfNLoorVRKnVcHSHdGvpmK5aTnl53tmcItZL1JTjp01o-_vaKdRK2o1iN0hH42UlpfWTtrNTu_WrmUnHdOHp0h-jaTYJgHClua0IT7qWSulBCVG9LXCzq13YXowqS5K3D7eGZg7sxr8ZMFtBQP_x6UE-9lff3HBZIDhV70WSvl4li8WWJfkUkLEF7aRqZ2FDZyTceWpZ1ArRTCRJOw'),
	(b'0', NULL, NULL, '2025-03-30 03:42:14.910423', 45, NULL, NULL, 2, 'eyJhbGciOiJSUzI1NiJ9.eyJpc3MiOiJpdWguZml0LnNlIiwic3ViIjoiZ2lhaHV5MiIsImV4cCI6MTc0MzMwNjEzNCwiaWF0IjoxNzQzMzA1NTM0LCJzY29wZSI6WyJST0xFX1VTRVIiLCJQRVJNSVNTSU9OX1JFQUQiXX0.ofVMM0ISfbl3vvFdH-wDV3pNep4krX0TTX0aZrROwaXXDuoExewySRcgFicIhTNNG5nvd00YGpOiDxFJkBodcUM6Fg6AxfskxgaFtPVoEuONLvkCN-OiRuzx6kDvowpDcji3IwJCpVTUy1GpzkZq8NrO8zUHbAA0YNRELHPF38gEUWWDrzmP2b-vDxXWalvlvz1lvdW5OznbeIYYAhrW5g9L3gGdD0i5HG8Jqejiyu7feB2-b0jOD5CSQEqgb9AuKDcp_94t_DtoHdd8LxmNlA1LYP1_OWwsH_-fdtS7kx8w_y_RQ5lFp0RTeqRH1Xf-tguxyWHQj20vloFCzopSpw'),
	(b'0', NULL, NULL, '2025-03-30 03:42:31.068389', 46, NULL, NULL, 2, 'eyJhbGciOiJSUzI1NiJ9.eyJpc3MiOiJpdWguZml0LnNlIiwic3ViIjoiZ2lhaHV5MiIsImV4cCI6MTc0MzMwNjE1MSwiaWF0IjoxNzQzMzA1NTUxLCJzY29wZSI6WyJST0xFX1VTRVIiLCJQRVJNSVNTSU9OX1JFQUQiXX0.fZ9J7AtHdoeD3ekm4XUNG7gfwImkQ6p0QzXoN2wBX08VYnzcKsLo2XZlflwQK-o4j8_oxHqjixSaGl9Q6W4pN9BHnGYj3jjmJO7vm-Eg8hlhIrmLM9itCxQkj64eOQ3nH1lWlGgOx2baZgnZe-LyMWyt412xo5K1KyUAGjFqRTWo6Ra_Qt9oXc7TvjQyUExZNkOxH4PHBCEzJaiCbbsg3FWmSdwpMA0W3_Y1BJ_q6vknfv8rvX8bJQpqrCrX_E6CoBX96vQOMqY6O4HdrvxkH6aZkM0QGljJ11UEsCMAisde9SEyKbarWHpRfhgF5k2fUikpRwojcr0uB5U1Qwfgog'),
	(b'0', NULL, NULL, '2025-03-30 03:53:33.708051', 47, NULL, NULL, 2, 'eyJhbGciOiJSUzI1NiJ9.eyJpc3MiOiJpdWguZml0LnNlIiwic3ViIjoiZ2lhaHV5MiIsImV4cCI6MTc0MzMwNjgxMywiaWF0IjoxNzQzMzA2MjEzLCJzY29wZSI6WyJST0xFX1VTRVIiLCJQRVJNSVNTSU9OX1JFQUQiXX0.dC-mRLQweB-vs4FyFKHr4dlZ9YN_qZIz4A6f9t9puJXOaUbX1v7NMSqS99sXnTUkl6ZmQGaKQXYRo0svhwkoY_5srbAkdtYD5slJoBrHYCxlkmpTbPYTEKKiMuoEkw3v8dUsnQQzX7LCZM29udN4cQDgwJ7X_8JRZ-k6rOG1KkzZ0dx33iD4BAbDvWvcafIwM5ajIFjqmdO2tf0LC7xaqdUa1AqSG9Sh8OS4OfluYbvNtgw805x7tcKeCHw1ITe0vj9Itf1SR5xGwgNkiGwc3DvURozIEi6dAobpR-i-5oE5OSfTz9kEbJOxhof0m851bRsAH9C2RNk8CGVwRftXJw'),
	(b'0', NULL, NULL, '2025-03-30 03:53:44.594202', 48, NULL, NULL, 2, 'eyJhbGciOiJSUzI1NiJ9.eyJpc3MiOiJpdWguZml0LnNlIiwic3ViIjoiZ2lhaHV5MiIsImV4cCI6MTc0MzMwNjgyNCwiaWF0IjoxNzQzMzA2MjI0LCJzY29wZSI6WyJST0xFX1VTRVIiLCJQRVJNSVNTSU9OX1JFQUQiXX0.rQXukznmbwhEZJUTSYP5meLEmv1PnldhdnYlq7h5RlU0G4qFWEVNb6XLfrl47NagPIHYQYoS-IQQQ1u4YDmupduYDklGC7fdAgFXnrUIzMt9LR8jixd1vNZd3ImBjgJgU8iJRIUsbuo7xBRi3JCVBXCKalOUIetWT7bj6fOJD9dSD895wpoqLEqNjgSY2jgd3cWSycTorIkNW8CgtBCnKspsKNv_3pfe8JK_VsvW2uwEjSRL81Jpp_m5c4FioEpKoS9i_e0lOy7K6efhHc_Ns93gZve1OaRZ1u5xkhkKKO2QRcsWxlClXf2JTY4Z2Qd7E_Ull7MFDGGm7ZJUj-Hlxg'),
	(b'0', NULL, NULL, '2025-03-30 04:01:18.906574', 49, NULL, NULL, 2, 'eyJhbGciOiJSUzI1NiJ9.eyJpc3MiOiJpdWguZml0LnNlIiwic3ViIjoiZ2lhaHV5MiIsImV4cCI6MTc0MzMwNzI3OCwiaWF0IjoxNzQzMzA2Njc4LCJzY29wZSI6WyJST0xFX1VTRVIiLCJQRVJNSVNTSU9OX1JFQUQiXX0.xxLeuBmObq_BGELZDXbvl2sqAbaHSfb-Co_G9L1I_-c6uM8X5v0hp7g9ku401mTd8Ly5FQGRZ4jrtVjE6J92KO6TmpcLZamFnhEQzItLlW213GAx4t7p9m-5Sm9uJVJ6ix-WWVh2PQpvQwxEYU9U0QWXtKdyfkpn9MpLvv3PuYS6AfQrQE3zsEu0ca182skHv8MzkBJt15W-twdAmPSGVyzagexgBtaHXPX4zBCI3Ak-bOBSFmYNd7zRbGqbatRg-j6mmCynC-nU2uokMhmOLBN1dNPmzEa5a1k1yRBgsPzK3D726taO5Xhgtl2dOnLuRqn78B1q-AIa8FtsqLRSDg'),
	(b'0', NULL, NULL, '2025-03-30 04:01:41.250752', 50, NULL, NULL, 2, 'eyJhbGciOiJSUzI1NiJ9.eyJpc3MiOiJpdWguZml0LnNlIiwic3ViIjoiZ2lhaHV5MiIsImV4cCI6MTc0MzMwNzMwMSwiaWF0IjoxNzQzMzA2NzAxLCJzY29wZSI6WyJST0xFX1VTRVIiLCJQRVJNSVNTSU9OX1JFQUQiXX0.0Hfpnd3PSGjfpiTPd0QJyP-LwIEWXchir_VelIEtQ1tlkqpMd48UEMvm8Bg3K9N7CJ7ULQ3V-AS_pe6zai3M8hLz17BABNZAjcsJxOEfDRvpFwwFd7pAPGqFltuGrhjQimrv9kH6yRnqwOWLWavUuHnIQ2ubAC4e27KyiOdRxO0oNBauzLCdGZFHH_slgzkJlJZVmR285SfbxtJsLuUV9SmT1yLSIEfeh-OryZWnFCJK6hLXBILEfFzbJgFaU37oUJgItloiAMhTl1I_pmuY4bEBn8Bm__SteF92J1IsrC8JgSo8NoD_r6I6KtI4xNkZYpTMbCAzlB6scwpy1MVnVQ'),
	(b'0', NULL, NULL, '2025-03-30 04:08:54.595283', 51, NULL, NULL, 2, 'eyJhbGciOiJSUzI1NiJ9.eyJpc3MiOiJpdWguZml0LnNlIiwic3ViIjoiZ2lhaHV5MiIsImV4cCI6MTc0MzMwNzczNCwiaWF0IjoxNzQzMzA3MTM0LCJzY29wZSI6WyJST0xFX1VTRVIiLCJQRVJNSVNTSU9OX1JFQUQiXX0.OSYcErS87miQ7tvOHQCTvE_mJyHLFd_1Yv_XvJWc3UUZAXOjRrjiloA61jepByg8m7GZG9DTPzvuf8dUjmAfa8q7uaOMCUPFDjiX4X0rdM1BZzGPKiIq_umePMvj_nf02aZ5oh_rjWEeiJ7vNejpWf84x3naTLlMnpmMWjo_qaEav2x_499QQgQ5CmhH20cpWfZzZtkBSfdWkt5zI3C5KmqQrDnqjvkKCTcKwQU4qp9e6zh71AM1Y90O5YBWeUP9kwvDbfL2eU63VsxShuAtqvttM6_-ptCQIC9PMAmYibe0fvia4wyFQCIU-WIgV7xgXjBMAAD6l1HEgMoWbSaRcg'),
	(b'0', NULL, NULL, '2025-03-30 04:10:24.095446', 52, NULL, NULL, 2, 'eyJhbGciOiJSUzI1NiJ9.eyJpc3MiOiJpdWguZml0LnNlIiwic3ViIjoiZ2lhaHV5MiIsImV4cCI6MTc0MzMwNzgyNCwiaWF0IjoxNzQzMzA3MjI0LCJzY29wZSI6WyJST0xFX1VTRVIiLCJQRVJNSVNTSU9OX1JFQUQiXX0.XOC92Vq1oprrtGKcCRClSpgqMwCu_FKOjuC9sxdz1WK5ymxyTgzKvm6hM-vqEeO6-bXWH66No-gVIX7yBEzFwG4d-pLwoprxFw3k2h9lOla-iwinKT_K5Mx0Q8w1lkst9-ezx1Qw0Dcyyh87U_MmlfYh-hVCJbDZCL054Pxi2xHV087ch9HUfhc7UG7P0NnxIlCEcjhBcqfKKYh9pGDF7uKL5H5-1mRnzT9FR9vn5dWMnFSRF0qDYVohF0sKO3VrhRY6gt2FZ_vYyizGBdzQ2gXTIkF3bVOcCyd_lkea4jZtelinR2YXjWPqkXIUVUFh-is-NGLP4Wa6pYTgl_p1aA'),
	(b'0', NULL, NULL, '2025-03-30 04:44:39.946850', 53, NULL, NULL, 2, 'eyJhbGciOiJSUzI1NiJ9.eyJpc3MiOiJpdWguZml0LnNlIiwic3ViIjoiZ2lhaHV5MiIsImV4cCI6MTc0MzMwOTg3OSwiaWF0IjoxNzQzMzA5Mjc5LCJzY29wZSI6WyJST0xFX1VTRVIiLCJQRVJNSVNTSU9OX1JFQUQiXX0.01Yo6DAr1Ru-mtLxcX83zmfnkpM1QcyrPzcevFK2dfp7ap-Jrmd_gw_EDGuHTeTuMHlzHYPViT66iNqeDrf74ICdyOaXVZ-od09RA9EK4AMIFxS2sEsMaqNrTivqY-HMzS3keFBgjD6kkWRHVN0_PfAFcE-EYPwqLPUeSYqyKuGL1mtygV2YjaYFjF46vmNDZWOLEZ-7-TJSpC2fQFeEhyiuxbNE8fixdyTEXgFso_KbasCftDet0Wj7FVttDrZUv0Wn3th_xtD0s2r08XSasNxEW8-6TAncAMLtLunFMpw6E4e7w68ZLPiA8kx4kYBfidTNdWhyP9rFFXiZADMUKA'),
	(b'0', NULL, NULL, '2025-03-30 04:47:43.655907', 54, NULL, NULL, 2, 'eyJhbGciOiJSUzI1NiJ9.eyJpc3MiOiJpdWguZml0LnNlIiwic3ViIjoiZ2lhaHV5MiIsImV4cCI6MTc0MzMxMDA2MywiaWF0IjoxNzQzMzA5NDYzLCJzY29wZSI6WyJST0xFX1VTRVIiLCJQRVJNSVNTSU9OX1JFQUQiXX0.KIqyRz-01yv0T-XMW6lg8RJ4RpHpNEBpioM-N2jxwjz3VCHr2JLeO_Ff3Wu7rDwD1LC7FKl_j2YSOeHg9ApFikdHTi0ebxt1ixbMgxO-8bS-L9Oh2AK5_WqYhncT0yfKy_rqDhTRYYPZLtObPahgdkTbT9hBc_00vUEGCQevifuS1uOg6VgGMdHqsiRS2DQtSmqTFURRrhFJF-G0Xo9VpJwqQt6KvMkfw1voqGm65EQCi1oohrjtWz1gsZMI9kCMcyABIq-ewmm_ypy1MyNvy-sF6WAhFYQRcx3ULkgMFB1B_J65KdKouMKW4H6iTHEJKJW4DbNfbCOgVpPilON7yw'),
	(b'0', NULL, NULL, '2025-04-04 03:01:34.888298', 55, NULL, NULL, 2, 'eyJhbGciOiJSUzI1NiJ9.eyJpc3MiOiJpdWguZml0LnNlIiwic3ViIjoiZ2lhaHV5MiIsImV4cCI6MTc0MzczNTY5NCwiaWF0IjoxNzQzNzM1MDk0LCJzY29wZSI6WyJST0xFX1VTRVIiLCJQRVJNSVNTSU9OX1JFQUQiXX0.OrimtOhWuY9safJ05DoWyTFbzBp-ee27i4u386NIPVAMc1nEzUdI2_TkUbcIyKBxJGbJ-HBuyHcMozqZu_6klOYvzqbAM-wSexYYONuCnPLhVfRTUM5V0oZoDiI4hXHHVndTr3PjX0xpPwqAfkSMr8h4plbY7XeJU75IzFL67ylKKj5nJoCTkVtTpqgZwiFOmpUkQM28nojETIs1KidqgZWq6TpVXDFA6mz4xUbXpHpRHe4dc9vFQcO-FwSNNNH1fQahwZ-TpQsh5ow-DeXJ6SHkWWJZ2QWANVdu-_R0mjsWXvxffkL1ZJ4lSxKZ2YHUNUkavjeyumF8hIPjML6KIA'),
	(b'0', NULL, NULL, '2025-04-04 03:04:47.391686', 56, NULL, NULL, 2, 'eyJhbGciOiJSUzI1NiJ9.eyJpc3MiOiJpdWguZml0LnNlIiwic3ViIjoiZ2lhaHV5MiIsImV4cCI6MTc0MzczNTg4NywiaWF0IjoxNzQzNzM1Mjg3LCJzY29wZSI6WyJST0xFX1VTRVIiLCJQRVJNSVNTSU9OX1JFQUQiXX0.KBPOX7SDZGjpDNp0BioAuBlUFdDxmBWlxGZ1UG_2irv_i11JF6BMm4AGKvaGQGvBb7FdNDP_uS4ga8EMm18ffJ1bzgD7udhdeNKy3IFMvb1dOws-X2P4jo7c_9gNHjNetps1z9aOoqUjO_gIJ10BktmGcYBTwHypnu0DIOstfndSMC-rF1rrW9wpZUdEFcBFV08zNGfwXWC9_Gb4vZk1Vop4VpX8b8VebEU1VYUxCu6yT-nIXO0fRjt2NywWqt_vs8BRPbKrd-pztsmfgWboA8fSRcUVjEw0Wcaos_z6Bf5Dblr8Cn1NVQXbGbOhYrOy4ZSkp09894k1CEXOYwrb6A'),
	(b'0', NULL, NULL, '2025-04-04 03:17:28.686992', 57, NULL, NULL, 2, 'eyJhbGciOiJSUzI1NiJ9.eyJpc3MiOiJpdWguZml0LnNlIiwic3ViIjoiZ2lhaHV5MiIsImV4cCI6MTc0MzczNjY0OCwiaWF0IjoxNzQzNzM2MDQ4LCJzY29wZSI6WyJST0xFX1VTRVIiLCJQRVJNSVNTSU9OX1JFQUQiXX0.uTA7_1Pl-8Gxf3dPTdki0egNA5ogkQdyFZAOZnMU4tEQIKUWFGnfR5oRFvZ1xztRK4rDvCcFTVBe5II6KWqpuxC4W9itFZ8xml4fP9iaN6jm3jlw2X7YASX0amtTq4NddgF5AsngX6tQJdQiDKQZ3krcAEjU04K33JLsBkxUMtmXflXvANflNadJNyC9tHsV8dRL4-flZk9lPgUjfM3xUjfuUBihbs1r1xImFR8v6tj-ETCW3tm9org5PwLyJCPvKTmxXYAvMpSPYD09XgoZe2_5aLWAmkMoxLIO8sZ0RPcup7gOmlJbrcJJj3LsBv4FqGijKFIedG6uCdTBRCgQMg'),
	(b'0', NULL, NULL, '2025-04-04 03:27:15.687651', 58, NULL, NULL, 2, 'eyJhbGciOiJSUzI1NiJ9.eyJpc3MiOiJpdWguZml0LnNlIiwic3ViIjoiZ2lhaHV5MiIsImV4cCI6MTc0MzczNzIzNSwiaWF0IjoxNzQzNzM2NjM1LCJzY29wZSI6WyJST0xFX1VTRVIiLCJQRVJNSVNTSU9OX1JFQUQiXX0.G0kHC3UbxefuslaaG8xtN3wl91KpKhLUB0siy_KSQcyXY-VtiTlxGAboJXXNMJSy5m2ER1w_-VZh3TIV7Ky3gijuG4QeG6-YqeVI8gpnGulFOQFBPWTPFF_rHdp6EnB0Sftv5v-w1wUQ2xQpIQA6UMgLlsaxhqU3ewuDPUezP3yJcKUb0SLylk4_wnWXjt9wIy4DvLAuG0hPmg1ISadBFP0CFYDvNufNNSzGXhyxR_qlryMqAvmH2nflgNJWXZrlxVd0oZqFOd0d962BzsbZVzUEyzzoq9tHjQjo5O0imf8lpSIvFS46Bzk2xU4LFK3c_r5dumOp0f_Val8mNiVyVQ'),
	(b'0', NULL, NULL, '2025-04-04 03:28:23.092111', 59, NULL, NULL, 1, 'eyJhbGciOiJSUzI1NiJ9.eyJpc3MiOiJpdWguZml0LnNlIiwic3ViIjoiZ2lhaHV5MSIsImV4cCI6MTc0MzczNzMwMywiaWF0IjoxNzQzNzM2NzAzLCJzY29wZSI6WyJST0xFX0FETUlOIiwiUEVSTUlTU0lPTl9XUklURSIsIlBFUk1JU1NJT05fVVBEQVRFIiwiUEVSTUlTU0lPTl9SRUFEIiwiUEVSTUlTU0lPTl9ERUxFVEUiXX0.ipt1uQXqRzsauBOMSSfpMrCrnInw6LRycGUf9k6M5thUHaeez3SNtqhxz5JmoI8Txsrn_1dcthqLG-KPo6N1ilkrUf5e_49MiSdvS7mjAc86c8AHIANK764JsBxjl5Rfk3qq9ffoF0_tJGXaaCBe6N4IEweg88LImTcJJOZUxcyONF6rTEFHMQ_UUJ7lzbCoSLDCRQd9ukAcscEXZx5RX1Q1ffbrxjEeQ7Hnont0TUx2gUCnNmS_XRONvigyBMaDLsYCU2P-bZO3cTBnP8A19Eqoef71jhPqqNVGRahZRUoHhWcGN1u1DHzHnekHkVtcbauHMOgI4dtAtV1EDtgYAg'),
	(b'0', NULL, NULL, '2025-04-04 03:29:30.894749', 60, NULL, NULL, 1, 'eyJhbGciOiJSUzI1NiJ9.eyJpc3MiOiJpdWguZml0LnNlIiwic3ViIjoiZ2lhaHV5MSIsImV4cCI6MTc0MzczNzM3MCwiaWF0IjoxNzQzNzM2NzcwLCJzY29wZSI6WyJST0xFX0FETUlOIiwiUEVSTUlTU0lPTl9XUklURSIsIlBFUk1JU1NJT05fVVBEQVRFIiwiUEVSTUlTU0lPTl9SRUFEIiwiUEVSTUlTU0lPTl9ERUxFVEUiXX0.czzxSip9Ib-WEItgc-U0jSaNvFuL1wxsYd5vcgj1ZewlowWhIOQF6DGJBEb1N8Pu6I6xLfz2AywmraqYkGUwJ4eT0TACcn9GPkwEVHJ-c-SPBw_1JsgyE7it9ndY3cl_aChL31KSIcVGdqcl6dR5qSaVciZubEQlzEPQkB7QhD5mMQUimrv0kfjAYiox0ND3J0r_cGQYWGh7AvlCSaAPGlKyFan-E7OGafmjHsplT7yWci8aHiQ6ZklPGnSiAjTyRd9k0Zuc-LR5ksxEE-CkkuIP4FdxBF-d-YSbFjxoaviGgf6rpeArxcaC9wMxqtLxBPsRocGi2seq7xKbjZrTtQ'),
	(b'0', NULL, NULL, '2025-04-04 03:29:42.344735', 61, NULL, NULL, 1, 'eyJhbGciOiJSUzI1NiJ9.eyJpc3MiOiJpdWguZml0LnNlIiwic3ViIjoiZ2lhaHV5MSIsImV4cCI6MTc0MzczNzM4MiwiaWF0IjoxNzQzNzM2NzgyLCJzY29wZSI6WyJST0xFX0FETUlOIiwiUEVSTUlTU0lPTl9XUklURSIsIlBFUk1JU1NJT05fVVBEQVRFIiwiUEVSTUlTU0lPTl9SRUFEIiwiUEVSTUlTU0lPTl9ERUxFVEUiXX0.uhO5XABgvmlzeXMcoMTGwH0pl5PbT_KyMUxaM43hGCKAIU6eCnEk8hvv-Sq0G7o3hhuirVz7r1Sh1g5oFeFS8Vb1y95YzPtVTzyOSpGQU3iUrEEoJcXjSl5euVp2PmqBw2KFQgX6qTwS0GpKHXRIpGRwBaxB0kgWL3ERhWT6C8k7O-XsGAZ0DvbOLs2fmXb4SXhyH84eMMA2_Ej5Ohvf-DUtcYIpX8eKDyeFxAQZq9en7t1SRf6eml6VPgY0T7I3lcuyzuq7W9sOPCBcIKruWpMODEE-CCTJLSrFc06pYJ-9hMMAbUCA4KAfPKGVov29XjnckP_TcXWi44ostwm-sg'),
	(b'0', NULL, NULL, '2025-04-04 03:38:08.554751', 62, NULL, NULL, 1, 'eyJhbGciOiJSUzI1NiJ9.eyJpc3MiOiJpdWguZml0LnNlIiwic3ViIjoiZ2lhaHV5MSIsImV4cCI6MTc0MzczNzg4OCwiaWF0IjoxNzQzNzM3Mjg4LCJzY29wZSI6WyJST0xFX0FETUlOIiwiUEVSTUlTU0lPTl9XUklURSIsIlBFUk1JU1NJT05fVVBEQVRFIiwiUEVSTUlTU0lPTl9SRUFEIiwiUEVSTUlTU0lPTl9ERUxFVEUiXX0.PiRLYVvUYy8PanvESH8l3N_X-_uDSJtG36_eBnB2H8jse4ua7EBZFMvtxOQ-GnEAStrzTYvtxH5-o5EQcKffOOnSKwMpAGWC5iEi8vf4PM4c9KYNAKnf01pWnjGUiHxKefUQsM18-PGJWKwyT7kMPw5ZJdpw8I3FyabeNRnL3ADOMs4OWRcZF-yKhD8zzM8IUA-EdQI5g73ubj5qi6Zz_iKgo46o8BI9aC322NDw-T66QEQYIeLMbXTqL5qapJrGldXImuzDsujNaWiIBM9GB3U_WqXmdbr9RPsJRmI9xkJS1gKueFl1kk5K10_-yHbQuzTEuCjNOzI0abUyDAPc1g'),
	(b'0', NULL, NULL, '2025-04-04 03:40:08.210133', 63, NULL, NULL, 1, 'eyJhbGciOiJSUzI1NiJ9.eyJpc3MiOiJpdWguZml0LnNlIiwic3ViIjoiZ2lhaHV5MSIsImV4cCI6MTc0MzczODAwOCwiaWF0IjoxNzQzNzM3NDA4LCJzY29wZSI6WyJST0xFX0FETUlOIiwiUEVSTUlTU0lPTl9XUklURSIsIlBFUk1JU1NJT05fVVBEQVRFIiwiUEVSTUlTU0lPTl9SRUFEIiwiUEVSTUlTU0lPTl9ERUxFVEUiXX0.X6jqZiMOL4iArrju37f1AQmOS54f3tdVyk2meMilGsWQOGnk0dg5p2vP2I498PttAFLTl8yiWt5ardrrQbgSTIDbxNunWKrhJlIElckcIHmOKQsZa38ZC_08e9cFG3qLpc1RCzE2B9Q4relxkDK9Pi8ooz6hR8M9sUiydJZl_AZBtgA3CBjNlpDhnyG4bAprdUNh374oxb0Ye_KIOTcvdpJH2uFXk1qrVsRVfW3kwncQ8aMQgZJWpkrM8FYsheWzXxSxmxsw113AmX8vj08T4tmTNiSkE-ApP_1LnNvUIYVv8Hgp4u6axSVkLRZAPLybCQ5adFdv_ve-y4fKf3ImCQ'),
	(b'0', NULL, NULL, '2025-04-04 03:40:16.231982', 64, NULL, NULL, 2, 'eyJhbGciOiJSUzI1NiJ9.eyJpc3MiOiJpdWguZml0LnNlIiwic3ViIjoiZ2lhaHV5MiIsImV4cCI6MTc0MzczODAxNiwiaWF0IjoxNzQzNzM3NDE2LCJzY29wZSI6WyJST0xFX1VTRVIiLCJQRVJNSVNTSU9OX1JFQUQiXX0.FLv0sVmMaC3uTP5CsEmUOVfEMeNcsYG9bwfwyShHFNcDXsprFeLWNGutitQYds-IUvsbsDpzlfnhV2bI4uucCshGEF-AFzobDxrjb6mcdVibOodkh17o-gStNN0Mjv1riJc7J0JkWIj1L5CA5eWDsEG64xzTqS9hddp10HfdcTHfYBjhPpPidPifwwwFB20Y0cbp4hjgVLyygtYXjLxHtiFrLUp5kcB_Dqw07Te7a9jH8wLTqDNpCI68oOd_knTmtYvcBr8i_omw_W1XWbH2ImjGs_h0abMTEVfd4A0Uho2LlRaodlWdI-vtQTj3LkK4M9bcyT1aKgIAZIj8gCm7-w');

-- Dumping structure for table users.users
CREATE TABLE IF NOT EXISTS `users` (
  `enabled` bit(1) NOT NULL,
  `created_at` datetime(6) DEFAULT NULL,
  `created_by` bigint(20) DEFAULT NULL,
  `id` bigint(20) NOT NULL AUTO_INCREMENT,
  `updated_at` datetime(6) DEFAULT NULL,
  `updated_by` bigint(20) DEFAULT NULL,
  `email` varchar(255) DEFAULT NULL,
  `password` varchar(255) DEFAULT NULL,
  `user_name` varchar(255) DEFAULT NULL,
  PRIMARY KEY (`id`),
  UNIQUE KEY `UKk8d0f2n7n88w1a16yhua64onx` (`user_name`),
  UNIQUE KEY `UK6dotkott2kjsp8vw4d0m25fb7` (`email`)
) ENGINE=InnoDB AUTO_INCREMENT=5 DEFAULT CHARSET=latin1;

-- Dumping data for table users.users: ~4 rows (approximately)
INSERT INTO `users` (`enabled`, `created_at`, `created_by`, `id`, `updated_at`, `updated_by`, `email`, `password`, `user_name`) VALUES
	(b'1', '2025-03-22 10:00:00.000000', NULL, 1, '2025-03-22 10:00:00.000000', NULL, 'giahuy@gmail.com', '$2a$10$xek8.4BtspkW7wnr29AGaedR1OUPW2LrNhnwuy9PMdb/8cRWG/gR2', 'giahuy1'),
	(b'1', '2025-03-22 10:00:00.000000', NULL, 2, '2025-03-22 10:00:00.000000', NULL, 'giahuy2@gmail.com', '$2a$10$M2HyiIAkr4oZxCEHrsqx7u/0Valw28YfI4srdFJtx/vx2qnABy3X2', 'giahuy2'),
	(b'1', '2025-03-22 10:00:00.000000', NULL, 3, '2025-03-22 10:00:00.000000', NULL, 'giahuy1@gmail.com', '$2a$10$5QffHXGs5uR/A3nuhhEf7uPwees0sDrPFkrbp1BPIRIlMh220F6zu', 'giahuy3'),
	(b'1', '2025-03-22 10:00:00.000000', NULL, 4, '2025-03-22 10:00:00.000000', NULL, 'alksdj@gmail.com', '$2a$10$7rHsDnPkxq7DjuHlbao.RufO8SEp7boNH793Ar1iGeZInNKk0ieHa', 'giahuy4');

-- Dumping structure for table users.user_roles
CREATE TABLE IF NOT EXISTS `user_roles` (
  `role_id` bigint(20) NOT NULL,
  `user_id` bigint(20) NOT NULL,
  PRIMARY KEY (`role_id`,`user_id`),
  KEY `FKhfh9dx7w3ubf1co1vdev94g3f` (`user_id`),
  CONSTRAINT `FKh8ciramu9cc9q3qcqiv4ue8a6` FOREIGN KEY (`role_id`) REFERENCES `roles` (`id`),
  CONSTRAINT `FKhfh9dx7w3ubf1co1vdev94g3f` FOREIGN KEY (`user_id`) REFERENCES `users` (`id`)
) ENGINE=InnoDB DEFAULT CHARSET=latin1;

-- Dumping data for table users.user_roles: ~4 rows (approximately)
INSERT INTO `user_roles` (`role_id`, `user_id`) VALUES
	(2, 1),
	(1, 2),
	(1, 3),
	(1, 4);

/*!40103 SET TIME_ZONE=IFNULL(@OLD_TIME_ZONE, 'system') */;
/*!40101 SET SQL_MODE=IFNULL(@OLD_SQL_MODE, '') */;
/*!40014 SET FOREIGN_KEY_CHECKS=IFNULL(@OLD_FOREIGN_KEY_CHECKS, 1) */;
/*!40101 SET CHARACTER_SET_CLIENT=@OLD_CHARACTER_SET_CLIENT */;
/*!40111 SET SQL_NOTES=IFNULL(@OLD_SQL_NOTES, 1) */;
